#SampleID	BarcodeSequence	LinkerPrimerSequence	lowry_sample_ID	orig_lowry_sample_id	sampling_date	reactor	noodle	quarter	1-4-Dioxane_sed_tank_ug_per_L	1-4-Dioxane_sed_tank_sampling_date	Tetrahydrofuran_sed_tank_ug_per_L	Tetrahydrofuran_sed_tank_sampling_date	total_N_sed_tank_ug_per_L	total_N_sed_tank_sampling_date	1-2-Dichloroethane_sed_tank_ug_per_L	1-2-Dichloroethane_sed_tank_sampling_date
CM001			01-18-22_R1_N006_C	01-17-22:R1:N006:C	2022-01-18	R1	2022-01-18_R1_N006	C	15000.0	2022-01-18	16000.0	2022-01-18	82.0	2022-01-18	5600.0	2022-01-18
CM002			01-18-22_R2_N001_C	01-18-22:R2:N001:C	2022-01-18	R2	2022-01-18_R2_N001	C	15000.0	2022-01-18	16000.0	2022-01-18	82.0	2022-01-18	5600.0	2022-01-18
CM003			01-18-22_R2_N001_D	01-18-22:R2:N001:D	2022-01-18	R2	2022-01-18_R2_N001	D	15000.0	2022-01-18	16000.0	2022-01-18	82.0	2022-01-18	5600.0	2022-01-18
CM004			01-18-22_R2_N002_C	01-18-22:R2:N002:C	2022-01-18	R2	2022-01-18_R2_N002	C	15000.0	2022-01-18	16000.0	2022-01-18	82.0	2022-01-18	5600.0	2022-01-18
CM005			01-18-22_R2_N002_D	01-18-22:R2:N002:D	2022-01-18	R2	2022-01-18_R2_N002	D	15000.0	2022-01-18	16000.0	2022-01-18	82.0	2022-01-18	5600.0	2022-01-18
CM006			01-18-22_R2_N003_C	01-18-22:R2:N003:C	2022-01-18	R2	2022-01-18_R2_N003	C	15000.0	2022-01-18	16000.0	2022-01-18	82.0	2022-01-18	5600.0	2022-01-18
CM007			01-18-22_R2_N003_D	01-18-22:R2:N003:D	2022-01-18	R2	2022-01-18_R2_N003	D	15000.0	2022-01-18	16000.0	2022-01-18	82.0	2022-01-18	5600.0	2022-01-18
CM008			01-18-22_R2_N004_C	01-18-22:R2:N004:C	2022-01-18	R2	2022-01-18_R2_N004	C	15000.0	2022-01-18	16000.0	2022-01-18	82.0	2022-01-18	5600.0	2022-01-18
CM009			01-25-22_R1_N003_C	01-25-22:R1:N003:C	2022-01-25	R1	2022-01-25_R1_N003	C	16000.0	2022-01-25	23000.0	2022-01-25	84.0	2022-01-25	6300.0	2022-01-25
CM010			01-25-22_R1_N004_D	01-25-22:R1:N004:D	2022-01-25	R1	2022-01-25_R1_N004	D	16000.0	2022-01-25	23000.0	2022-01-25	84.0	2022-01-25	6300.0	2022-01-25
CM011			01-25-22_R1_N005_C	01-25-22:R1:N005:C	2022-01-25	R1	2022-01-25_R1_N005	C	16000.0	2022-01-25	23000.0	2022-01-25	84.0	2022-01-25	6300.0	2022-01-25
CM012			01-25-22_R1_N005_D	01-25-22:R1:N005:D	2022-01-25	R1	2022-01-25_R1_N005	D	16000.0	2022-01-25	23000.0	2022-01-25	84.0	2022-01-25	6300.0	2022-01-25
CM013			01-25-22_R1_N006_D	01-25-22:R1:N006:D	2022-01-25	R1	2022-01-25_R1_N006	D	16000.0	2022-01-25	23000.0	2022-01-25	84.0	2022-01-25	6300.0	2022-01-25
CM014			01-25-22_R2_N001_A	01-25-22:R2:N001:A	2022-01-25	R2	2022-01-25_R2_N001	A	16000.0	2022-01-25	23000.0	2022-01-25	84.0	2022-01-25	6300.0	2022-01-25
CM015			01-25-22_R2_N001_B	01-25-22:R2:N001:B	2022-01-25	R2	2022-01-25_R2_N001	B	16000.0	2022-01-25	23000.0	2022-01-25	84.0	2022-01-25	6300.0	2022-01-25
CM016			01-25-22_R2_N001_C	01-25-22:R2:N001:C	2022-01-25	R2	2022-01-25_R2_N001	C	16000.0	2022-01-25	23000.0	2022-01-25	84.0	2022-01-25	6300.0	2022-01-25
CM017			01-25-22_R2_N002_A	01-25-22:R2:N002:A	2022-01-25	R2	2022-01-25_R2_N002	A	16000.0	2022-01-25	23000.0	2022-01-25	84.0	2022-01-25	6300.0	2022-01-25
CM018			01-25-22_R2_N002_B	01-25-22:R2:N002:B	2022-01-25	R2	2022-01-25_R2_N002	B	16000.0	2022-01-25	23000.0	2022-01-25	84.0	2022-01-25	6300.0	2022-01-25
CM019			01-25-22_R2_N002_C	01-25-22:R2:N002:C	2022-01-25	R2	2022-01-25_R2_N002	C	16000.0	2022-01-25	23000.0	2022-01-25	84.0	2022-01-25	6300.0	2022-01-25
CM020			01-25-22_R2_N002_C	01-25-22:R2:N002:C	2022-01-25	R2	2022-01-25_R2_N002	C	16000.0	2022-01-25	23000.0	2022-01-25	84.0	2022-01-25	6300.0	2022-01-25
CM021			01-25-22_R2_N002_D	01-25-22:R2:N002:D	2022-01-25	R2	2022-01-25_R2_N002	D	16000.0	2022-01-25	23000.0	2022-01-25	84.0	2022-01-25	6300.0	2022-01-25
CM022			01-25-22_R2_N003_A	01-25-22:R2:N003:A	2022-01-25	R2	2022-01-25_R2_N003	A	16000.0	2022-01-25	23000.0	2022-01-25	84.0	2022-01-25	6300.0	2022-01-25
CM023			01-25-22_R2_N003_B	01-25-22:R2:N003:B	2022-01-25	R2	2022-01-25_R2_N003	B	16000.0	2022-01-25	23000.0	2022-01-25	84.0	2022-01-25	6300.0	2022-01-25
CM024			01-25-22_R2_N003_C	01-25-22:R2:N003:C	2022-01-25	R2	2022-01-25_R2_N003	C	16000.0	2022-01-25	23000.0	2022-01-25	84.0	2022-01-25	6300.0	2022-01-25
CM025			01-25-22_R2_N003_D	01-25-22:R2:N003:D	2022-01-25	R2	2022-01-25_R2_N003	D	16000.0	2022-01-25	23000.0	2022-01-25	84.0	2022-01-25	6300.0	2022-01-25
CM026			01-25-22_R2_N004_A	01-25-22:R2:N004:A	2022-01-25	R2	2022-01-25_R2_N004	A	16000.0	2022-01-25	23000.0	2022-01-25	84.0	2022-01-25	6300.0	2022-01-25
CM027			01-25-22_R2_N004_B	01-25-22:R2:N004:B	2022-01-25	R2	2022-01-25_R2_N004	B	16000.0	2022-01-25	23000.0	2022-01-25	84.0	2022-01-25	6300.0	2022-01-25
CM028			01-25-22_R2_N004_C	01-25-22:R2:N004:C	2022-01-25	R2	2022-01-25_R2_N004	C	16000.0	2022-01-25	23000.0	2022-01-25	84.0	2022-01-25	6300.0	2022-01-25
CM029			01-25-22_R2_N004_D	01-25-22:R2:N004:D	2022-01-25	R2	2022-01-25_R2_N004	D	16000.0	2022-01-25	23000.0	2022-01-25	84.0	2022-01-25	6300.0	2022-01-25
CM030			01-25-22_R2_N005_A	01-25-22:R2:N005:A	2022-01-25	R2	2022-01-25_R2_N005	A	16000.0	2022-01-25	23000.0	2022-01-25	84.0	2022-01-25	6300.0	2022-01-25
CM031			01-25-22_R2_N005_B	01-25-22:R2:N005:B	2022-01-25	R2	2022-01-25_R2_N005	B	16000.0	2022-01-25	23000.0	2022-01-25	84.0	2022-01-25	6300.0	2022-01-25
CM032			01-25-22_R2_N005_C	01-25-22:R2:N005:C	2022-01-25	R2	2022-01-25_R2_N005	C	16000.0	2022-01-25	23000.0	2022-01-25	84.0	2022-01-25	6300.0	2022-01-25
CM033			01-25-22_R2_N005_D	01-25-22:R2:N005:D	2022-01-25	R2	2022-01-25_R2_N005	D	16000.0	2022-01-25	23000.0	2022-01-25	84.0	2022-01-25	6300.0	2022-01-25
CM034			01-25-22_R2_N006_A	01-25-22:R2:N006:A	2022-01-25	R2	2022-01-25_R2_N006	A	16000.0	2022-01-25	23000.0	2022-01-25	84.0	2022-01-25	6300.0	2022-01-25
CM035			01-25-22_R2_N006_B	01-25-22:R2:N006:B	2022-01-25	R2	2022-01-25_R2_N006	B	16000.0	2022-01-25	23000.0	2022-01-25	84.0	2022-01-25	6300.0	2022-01-25
CM036			01-25-22_R2_N006_C	01-25-22:R2:N006:C	2022-01-25	R2	2022-01-25_R2_N006	C	16000.0	2022-01-25	23000.0	2022-01-25	84.0	2022-01-25	6300.0	2022-01-25
CM037			01-25-22_R2_N006_D	01-25-22:R2:N006:D	2022-01-25	R2	2022-01-25_R2_N006	D	16000.0	2022-01-25	23000.0	2022-01-25	84.0	2022-01-25	6300.0	2022-01-25
CM038			01-25-22_R3_N001_A	01-25-22:R3:N001:A	2022-01-25	R3	2022-01-25_R3_N001	A	16000.0	2022-01-25	23000.0	2022-01-25	84.0	2022-01-25	6300.0	2022-01-25
CM039			01-25-22_R3_N001_B	01-25-22:R3:N001:B	2022-01-25	R3	2022-01-25_R3_N001	B	16000.0	2022-01-25	23000.0	2022-01-25	84.0	2022-01-25	6300.0	2022-01-25
CM040			01-25-22_R3_N001_C	01-25-22:R3:N001:C	2022-01-25	R3	2022-01-25_R3_N001	C	16000.0	2022-01-25	23000.0	2022-01-25	84.0	2022-01-25	6300.0	2022-01-25
CM041			01-25-22_R3_N001_D	01-25-22:R3:N001:D	2022-01-25	R3	2022-01-25_R3_N001	D	16000.0	2022-01-25	23000.0	2022-01-25	84.0	2022-01-25	6300.0	2022-01-25
CM042			01-25-22_R3_N001_D	01-25-22:R3:N001:D	2022-01-25	R3	2022-01-25_R3_N001	D	16000.0	2022-01-25	23000.0	2022-01-25	84.0	2022-01-25	6300.0	2022-01-25
CM043			01-25-22_R3_N002_A	01-25-22:R3:N002:A	2022-01-25	R3	2022-01-25_R3_N002	A	16000.0	2022-01-25	23000.0	2022-01-25	84.0	2022-01-25	6300.0	2022-01-25
CM044			01-25-22_R3_N002_B	01-25-22:R3:N002:B	2022-01-25	R3	2022-01-25_R3_N002	B	16000.0	2022-01-25	23000.0	2022-01-25	84.0	2022-01-25	6300.0	2022-01-25
CM045			01-25-22_R3_N002_D	01-25-22:R3:N002:D	2022-01-25	R3	2022-01-25_R3_N002	D	16000.0	2022-01-25	23000.0	2022-01-25	84.0	2022-01-25	6300.0	2022-01-25
CM046			01-25-22_R3_N003_A	01-25-22:R3:N003:A	2022-01-25	R3	2022-01-25_R3_N003	A	16000.0	2022-01-25	23000.0	2022-01-25	84.0	2022-01-25	6300.0	2022-01-25
CM047			01-25-22_R3_N003_B	01-25-22:R3:N003:B	2022-01-25	R3	2022-01-25_R3_N003	B	16000.0	2022-01-25	23000.0	2022-01-25	84.0	2022-01-25	6300.0	2022-01-25
CM048			01-25-22_R3_N003_C	01-25-22:R3:N003:C	2022-01-25	R3	2022-01-25_R3_N003	C	16000.0	2022-01-25	23000.0	2022-01-25	84.0	2022-01-25	6300.0	2022-01-25
CM049			01-25-22_R3_N003_D	01-25-22:R3:N003:D	2022-01-25	R3	2022-01-25_R3_N003	D	16000.0	2022-01-25	23000.0	2022-01-25	84.0	2022-01-25	6300.0	2022-01-25
CM050			01-25-22_R3_N004_A	01-25-22:R3:N004:A	2022-01-25	R3	2022-01-25_R3_N004	A	16000.0	2022-01-25	23000.0	2022-01-25	84.0	2022-01-25	6300.0	2022-01-25
CM051			01-25-22_R3_N004_B	01-25-22:R3:N004:B	2022-01-25	R3	2022-01-25_R3_N004	B	16000.0	2022-01-25	23000.0	2022-01-25	84.0	2022-01-25	6300.0	2022-01-25
CM052			01-25-22_R3_N004_C	01-25-22:R3:N004:C	2022-01-25	R3	2022-01-25_R3_N004	C	16000.0	2022-01-25	23000.0	2022-01-25	84.0	2022-01-25	6300.0	2022-01-25
CM053			01-25-22_R3_N004_D	01-25-22:R3:N004:D	2022-01-25	R3	2022-01-25_R3_N004	D	16000.0	2022-01-25	23000.0	2022-01-25	84.0	2022-01-25	6300.0	2022-01-25
CM054			01-25-22_R3_N005_A	01-25-22:R3:N005:A	2022-01-25	R3	2022-01-25_R3_N005	A	16000.0	2022-01-25	23000.0	2022-01-25	84.0	2022-01-25	6300.0	2022-01-25
CM055			01-25-22_R3_N005_B	01-25-22:R3:N005:B	2022-01-25	R3	2022-01-25_R3_N005	B	16000.0	2022-01-25	23000.0	2022-01-25	84.0	2022-01-25	6300.0	2022-01-25
CM056			01-25-22_R3_N005_C	01-25-22:R3:N005:C	2022-01-25	R3	2022-01-25_R3_N005	C	16000.0	2022-01-25	23000.0	2022-01-25	84.0	2022-01-25	6300.0	2022-01-25
CM057			01-25-22_R3_N005_D	01-25-22:R3:N005:D	2022-01-25	R3	2022-01-25_R3_N005	D	16000.0	2022-01-25	23000.0	2022-01-25	84.0	2022-01-25	6300.0	2022-01-25
CM058			01-25-22_R3_N006_A	01-25-22:R3:N006:A	2022-01-25	R3	2022-01-25_R3_N006	A	16000.0	2022-01-25	23000.0	2022-01-25	84.0	2022-01-25	6300.0	2022-01-25
CM059			01-25-22_R3_N006_B	01-25-22:R3:N006:B	2022-01-25	R3	2022-01-25_R3_N006	B	16000.0	2022-01-25	23000.0	2022-01-25	84.0	2022-01-25	6300.0	2022-01-25
CM060			01-25-22_R3_N006_C	01-25-22:R3:N006:C	2022-01-25	R3	2022-01-25_R3_N006	C	16000.0	2022-01-25	23000.0	2022-01-25	84.0	2022-01-25	6300.0	2022-01-25
CM061			01-25-22_R3_N006_D	01-25-22:R3:N006:D	2022-01-25	R3	2022-01-25_R3_N006	D	16000.0	2022-01-25	23000.0	2022-01-25	84.0	2022-01-25	6300.0	2022-01-25
CM062			03-26-19_R1_N001_A	03-26-19:R1:N001:A	2019-03-26	R1	2019-03-26_R1_N001	A	28000.0	2019-03-26	31000.0	2019-03-26	100.0	2019-03-26	100.0	2019-03-26
CM063			03-26-19_R1_N001_B	03-26-19:R1:N001:B	2019-03-26	R1	2019-03-26_R1_N001	B	28000.0	2019-03-26	31000.0	2019-03-26	100.0	2019-03-26	100.0	2019-03-26
CM064			03-26-19_R1_N001_C	03-26-19:R1:N001:C	2019-03-26	R1	2019-03-26_R1_N001	C	28000.0	2019-03-26	31000.0	2019-03-26	100.0	2019-03-26	100.0	2019-03-26
CM065			03-26-19_R1_N001_D	03-26-19:R1:N001:D	2019-03-26	R1	2019-03-26_R1_N001	D	28000.0	2019-03-26	31000.0	2019-03-26	100.0	2019-03-26	100.0	2019-03-26
CM066			03-26-19_R1_N002_A	03-26-19:R1:N002:A	2019-03-26	R1	2019-03-26_R1_N002	A	28000.0	2019-03-26	31000.0	2019-03-26	100.0	2019-03-26	100.0	2019-03-26
CM067			03-26-19_R1_N002_B	03-26-19:R1:N002:B	2019-03-26	R1	2019-03-26_R1_N002	B	28000.0	2019-03-26	31000.0	2019-03-26	100.0	2019-03-26	100.0	2019-03-26
CM068			03-26-19_R1_N002_C	03-26-19:R1:N002:C	2019-03-26	R1	2019-03-26_R1_N002	C	28000.0	2019-03-26	31000.0	2019-03-26	100.0	2019-03-26	100.0	2019-03-26
CM069			03-26-19_R1_N002_D	03-26-19:R1:N002:D	2019-03-26	R1	2019-03-26_R1_N002	D	28000.0	2019-03-26	31000.0	2019-03-26	100.0	2019-03-26	100.0	2019-03-26
CM070			03-26-19_R1_N003_A	03-26-19:R1:N003:A	2019-03-26	R1	2019-03-26_R1_N003	A	28000.0	2019-03-26	31000.0	2019-03-26	100.0	2019-03-26	100.0	2019-03-26
CM071			03-26-19_R1_N003_B	03-26-19:R1:N003:B	2019-03-26	R1	2019-03-26_R1_N003	B	28000.0	2019-03-26	31000.0	2019-03-26	100.0	2019-03-26	100.0	2019-03-26
CM072			03-26-19_R1_N003_C	03-26-19:R1:N003:C	2019-03-26	R1	2019-03-26_R1_N003	C	28000.0	2019-03-26	31000.0	2019-03-26	100.0	2019-03-26	100.0	2019-03-26
CM073			03-26-19_R1_N003_D	03-26-19:R1:N003:D	2019-03-26	R1	2019-03-26_R1_N003	D	28000.0	2019-03-26	31000.0	2019-03-26	100.0	2019-03-26	100.0	2019-03-26
CM074			03-26-19_R1_N004_A	03-26-19:R1:N004:A	2019-03-26	R1	2019-03-26_R1_N004	A	28000.0	2019-03-26	31000.0	2019-03-26	100.0	2019-03-26	100.0	2019-03-26
CM075			03-26-19_R1_N004_B	03-26-19:R1:N004:B	2019-03-26	R1	2019-03-26_R1_N004	B	28000.0	2019-03-26	31000.0	2019-03-26	100.0	2019-03-26	100.0	2019-03-26
CM076			03-26-19_R1_N004_C	03-26-19:R1:N004:C	2019-03-26	R1	2019-03-26_R1_N004	C	28000.0	2019-03-26	31000.0	2019-03-26	100.0	2019-03-26	100.0	2019-03-26
CM077			03-26-19_R1_N004_D	03-26-19:R1:N004:D	2019-03-26	R1	2019-03-26_R1_N004	D	28000.0	2019-03-26	31000.0	2019-03-26	100.0	2019-03-26	100.0	2019-03-26
CM078			03-26-19_R1_N005_A	03-26-19:R1:N005:A	2019-03-26	R1	2019-03-26_R1_N005	A	28000.0	2019-03-26	31000.0	2019-03-26	100.0	2019-03-26	100.0	2019-03-26
CM079			03-26-19_R1_N005_B	03-26-19:R1:N005:B	2019-03-26	R1	2019-03-26_R1_N005	B	28000.0	2019-03-26	31000.0	2019-03-26	100.0	2019-03-26	100.0	2019-03-26
CM080			03-26-19_R1_N005_C	03-26-19:R1:N005:C	2019-03-26	R1	2019-03-26_R1_N005	C	28000.0	2019-03-26	31000.0	2019-03-26	100.0	2019-03-26	100.0	2019-03-26
CM081			03-26-19_R1_N005_D	03-26-19:R1:N005:D	2019-03-26	R1	2019-03-26_R1_N005	D	28000.0	2019-03-26	31000.0	2019-03-26	100.0	2019-03-26	100.0	2019-03-26
CM082			03-26-19_R1_N006_A	03-26-19:R1:N006:A	2019-03-26	R1	2019-03-26_R1_N006	A	28000.0	2019-03-26	31000.0	2019-03-26	100.0	2019-03-26	100.0	2019-03-26
CM083			03-26-19_R1_N006_B	03-26-19:R1:N006:B	2019-03-26	R1	2019-03-26_R1_N006	B	28000.0	2019-03-26	31000.0	2019-03-26	100.0	2019-03-26	100.0	2019-03-26
CM084			03-26-19_R1_N006_C	03-26-19:R1:N006:C	2019-03-26	R1	2019-03-26_R1_N006	C	28000.0	2019-03-26	31000.0	2019-03-26	100.0	2019-03-26	100.0	2019-03-26
CM085			03-26-19_R1_N006_D	03-26-19:R1:N006:D	2019-03-26	R1	2019-03-26_R1_N006	D	28000.0	2019-03-26	31000.0	2019-03-26	100.0	2019-03-26	100.0	2019-03-26
CM086			03-26-19_R2_N001_A	03-26-19:R2:N001:A	2019-03-26	R2	2019-03-26_R2_N001	A	28000.0	2019-03-26	31000.0	2019-03-26	100.0	2019-03-26	100.0	2019-03-26
CM087			03-26-19_R2_N001_B	03-26-19:R2:N001:B	2019-03-26	R2	2019-03-26_R2_N001	B	28000.0	2019-03-26	31000.0	2019-03-26	100.0	2019-03-26	100.0	2019-03-26
CM088			03-26-19_R2_N001_C	03-26-19:R2:N001:C	2019-03-26	R2	2019-03-26_R2_N001	C	28000.0	2019-03-26	31000.0	2019-03-26	100.0	2019-03-26	100.0	2019-03-26
CM089			03-26-19_R2_N001_D	03-26-19:R2:N001:D	2019-03-26	R2	2019-03-26_R2_N001	D	28000.0	2019-03-26	31000.0	2019-03-26	100.0	2019-03-26	100.0	2019-03-26
CM090			03-26-19_R2_N002_A	03-26-19:R2:N002:A	2019-03-26	R2	2019-03-26_R2_N002	A	28000.0	2019-03-26	31000.0	2019-03-26	100.0	2019-03-26	100.0	2019-03-26
CM091			03-26-19_R2_N002_B	03-26-19:R2:N002:B	2019-03-26	R2	2019-03-26_R2_N002	B	28000.0	2019-03-26	31000.0	2019-03-26	100.0	2019-03-26	100.0	2019-03-26
CM092			03-26-19_R2_N002_C	03-26-19:R2:N002:C	2019-03-26	R2	2019-03-26_R2_N002	C	28000.0	2019-03-26	31000.0	2019-03-26	100.0	2019-03-26	100.0	2019-03-26
CM093			03-26-19_R2_N002_D	03-26-19:R2:N002:D	2019-03-26	R2	2019-03-26_R2_N002	D	28000.0	2019-03-26	31000.0	2019-03-26	100.0	2019-03-26	100.0	2019-03-26
CM094			03-26-19_R2_N003_A	03-26-19:R2:N003:A	2019-03-26	R2	2019-03-26_R2_N003	A	28000.0	2019-03-26	31000.0	2019-03-26	100.0	2019-03-26	100.0	2019-03-26
CM095			03-26-19_R2_N003_B	03-26-19:R2:N003:B	2019-03-26	R2	2019-03-26_R2_N003	B	28000.0	2019-03-26	31000.0	2019-03-26	100.0	2019-03-26	100.0	2019-03-26
CM096			03-26-19_R2_N003_C	03-26-19:R2:N003:C	2019-03-26	R2	2019-03-26_R2_N003	C	28000.0	2019-03-26	31000.0	2019-03-26	100.0	2019-03-26	100.0	2019-03-26
CM097			03-26-19_R2_N003_D	03-26-19:R2:N003:D	2019-03-26	R2	2019-03-26_R2_N003	D	28000.0	2019-03-26	31000.0	2019-03-26	100.0	2019-03-26	100.0	2019-03-26
CM098			03-26-19_R2_N004_A	03-26-19:R2:N004:A	2019-03-26	R2	2019-03-26_R2_N004	A	28000.0	2019-03-26	31000.0	2019-03-26	100.0	2019-03-26	100.0	2019-03-26
CM099			03-26-19_R2_N004_B	03-26-19:R2:N004:B	2019-03-26	R2	2019-03-26_R2_N004	B	28000.0	2019-03-26	31000.0	2019-03-26	100.0	2019-03-26	100.0	2019-03-26
CM100			03-26-19_R2_N004_C	03-26-19:R2:N004:C	2019-03-26	R2	2019-03-26_R2_N004	C	28000.0	2019-03-26	31000.0	2019-03-26	100.0	2019-03-26	100.0	2019-03-26
CM101			03-26-19_R2_N004_D	03-26-19:R2:N004:D	2019-03-26	R2	2019-03-26_R2_N004	D	28000.0	2019-03-26	31000.0	2019-03-26	100.0	2019-03-26	100.0	2019-03-26
CM102			03-26-19_R2_N005_A	03-26-19:R2:N005:A	2019-03-26	R2	2019-03-26_R2_N005	A	28000.0	2019-03-26	31000.0	2019-03-26	100.0	2019-03-26	100.0	2019-03-26
CM103			03-26-19_R2_N005_B	03-26-19:R2:N005:B	2019-03-26	R2	2019-03-26_R2_N005	B	28000.0	2019-03-26	31000.0	2019-03-26	100.0	2019-03-26	100.0	2019-03-26
CM104			03-26-19_R2_N005_C	03-26-19:R2:N005:C	2019-03-26	R2	2019-03-26_R2_N005	C	28000.0	2019-03-26	31000.0	2019-03-26	100.0	2019-03-26	100.0	2019-03-26
CM105			03-26-19_R2_N005_D	03-26-19:R2:N005:D	2019-03-26	R2	2019-03-26_R2_N005	D	28000.0	2019-03-26	31000.0	2019-03-26	100.0	2019-03-26	100.0	2019-03-26
CM106			03-26-19_R2_N006_A	03-26-19:R2:N006:A	2019-03-26	R2	2019-03-26_R2_N006	A	28000.0	2019-03-26	31000.0	2019-03-26	100.0	2019-03-26	100.0	2019-03-26
CM107			03-26-19_R2_N006_B	03-26-19:R2:N006:B	2019-03-26	R2	2019-03-26_R2_N006	B	28000.0	2019-03-26	31000.0	2019-03-26	100.0	2019-03-26	100.0	2019-03-26
CM108			03-26-19_R2_N006_C	03-26-19:R2:N006:C	2019-03-26	R2	2019-03-26_R2_N006	C	28000.0	2019-03-26	31000.0	2019-03-26	100.0	2019-03-26	100.0	2019-03-26
CM109			03-26-19_R2_N006_D	03-26-19:R2:N006:D	2019-03-26	R2	2019-03-26_R2_N006	D	28000.0	2019-03-26	31000.0	2019-03-26	100.0	2019-03-26	100.0	2019-03-26
CM110			03-26-19_R3_N001_A	03-26-19:R3:N001:A	2019-03-26	R3	2019-03-26_R3_N001	A	28000.0	2019-03-26	31000.0	2019-03-26	100.0	2019-03-26	100.0	2019-03-26
CM111			03-26-19_R3_N001_B	03-26-19:R3:N001:B	2019-03-26	R3	2019-03-26_R3_N001	B	28000.0	2019-03-26	31000.0	2019-03-26	100.0	2019-03-26	100.0	2019-03-26
CM112			03-26-19_R3_N001_C	03-26-19:R3:N001:C	2019-03-26	R3	2019-03-26_R3_N001	C	28000.0	2019-03-26	31000.0	2019-03-26	100.0	2019-03-26	100.0	2019-03-26
CM113			03-26-19_R3_N001_D	03-26-19:R3:N001:D	2019-03-26	R3	2019-03-26_R3_N001	D	28000.0	2019-03-26	31000.0	2019-03-26	100.0	2019-03-26	100.0	2019-03-26
CM114			03-26-19_R3_N002_A	03-26-19:R3:N002:A	2019-03-26	R3	2019-03-26_R3_N002	A	28000.0	2019-03-26	31000.0	2019-03-26	100.0	2019-03-26	100.0	2019-03-26
CM115			03-26-19_R3_N002_B	03-26-19:R3:N002:B	2019-03-26	R3	2019-03-26_R3_N002	B	28000.0	2019-03-26	31000.0	2019-03-26	100.0	2019-03-26	100.0	2019-03-26
CM116			03-26-19_R3_N002_C	03-26-19:R3:N002:C	2019-03-26	R3	2019-03-26_R3_N002	C	28000.0	2019-03-26	31000.0	2019-03-26	100.0	2019-03-26	100.0	2019-03-26
CM117			03-26-19_R3_N002_D	03-26-19:R3:N002:D	2019-03-26	R3	2019-03-26_R3_N002	D	28000.0	2019-03-26	31000.0	2019-03-26	100.0	2019-03-26	100.0	2019-03-26
CM118			03-26-19_R3_N003_A	03-26-19:R3:N003:A	2019-03-26	R3	2019-03-26_R3_N003	A	28000.0	2019-03-26	31000.0	2019-03-26	100.0	2019-03-26	100.0	2019-03-26
CM119			03-26-19_R3_N003_B	03-26-19:R3:N003:B	2019-03-26	R3	2019-03-26_R3_N003	B	28000.0	2019-03-26	31000.0	2019-03-26	100.0	2019-03-26	100.0	2019-03-26
CM120			03-26-19_R3_N003_C	03-26-19:R3:N003:C	2019-03-26	R3	2019-03-26_R3_N003	C	28000.0	2019-03-26	31000.0	2019-03-26	100.0	2019-03-26	100.0	2019-03-26
CM121			03-26-19_R3_N003_D	03-26-19:R3:N003:D	2019-03-26	R3	2019-03-26_R3_N003	D	28000.0	2019-03-26	31000.0	2019-03-26	100.0	2019-03-26	100.0	2019-03-26
CM122			03-26-19_R3_N004_A	03-26-19:R3:N004:A	2019-03-26	R3	2019-03-26_R3_N004	A	28000.0	2019-03-26	31000.0	2019-03-26	100.0	2019-03-26	100.0	2019-03-26
CM123			03-26-19_R3_N004_B	03-26-19:R3:N004:B	2019-03-26	R3	2019-03-26_R3_N004	B	28000.0	2019-03-26	31000.0	2019-03-26	100.0	2019-03-26	100.0	2019-03-26
CM124			03-26-19_R3_N004_C	03-26-19:R3:N004:C	2019-03-26	R3	2019-03-26_R3_N004	C	28000.0	2019-03-26	31000.0	2019-03-26	100.0	2019-03-26	100.0	2019-03-26
CM125			03-26-19_R3_N004_D	03-26-19:R3:N004:D	2019-03-26	R3	2019-03-26_R3_N004	D	28000.0	2019-03-26	31000.0	2019-03-26	100.0	2019-03-26	100.0	2019-03-26
CM126			03-26-19_R3_N005_A	03-26-19:R3:N005:A	2019-03-26	R3	2019-03-26_R3_N005	A	28000.0	2019-03-26	31000.0	2019-03-26	100.0	2019-03-26	100.0	2019-03-26
CM127			03-26-19_R3_N005_B	03-26-19:R3:N005:B	2019-03-26	R3	2019-03-26_R3_N005	B	28000.0	2019-03-26	31000.0	2019-03-26	100.0	2019-03-26	100.0	2019-03-26
CM128			03-26-19_R3_N005_C	03-26-19:R3:N005:C	2019-03-26	R3	2019-03-26_R3_N005	C	28000.0	2019-03-26	31000.0	2019-03-26	100.0	2019-03-26	100.0	2019-03-26
CM129			03-26-19_R3_N005_D	03-26-19:R3:N005:D	2019-03-26	R3	2019-03-26_R3_N005	D	28000.0	2019-03-26	31000.0	2019-03-26	100.0	2019-03-26	100.0	2019-03-26
CM130			03-26-19_R3_N006_A	03-26-19:R3:N006:A	2019-03-26	R3	2019-03-26_R3_N006	A	28000.0	2019-03-26	31000.0	2019-03-26	100.0	2019-03-26	100.0	2019-03-26
CM131			03-26-19_R3_N006_B	03-26-19:R3:N006:B	2019-03-26	R3	2019-03-26_R3_N006	B	28000.0	2019-03-26	31000.0	2019-03-26	100.0	2019-03-26	100.0	2019-03-26
CM132			03-26-19_R3_N006_D	03-26-19:R3:N006:D	2019-03-26	R3	2019-03-26_R3_N006	D	28000.0	2019-03-26	31000.0	2019-03-26	100.0	2019-03-26	100.0	2019-03-26
CM133			04-12-19_R1_N001_B	04-12-12:R1:N001:B	2019-04-12	R1	2012-04-19_R1_N001	B	29000.0	2019-04-11	55000.0	2019-04-11	100.0	2019-04-11	200.0	2019-04-11
CM134			04-12-19_R1_N001_C	04-12-12:R1:N001:C	2019-04-12	R1	2012-04-19_R1_N001	C	29000.0	2019-04-11	55000.0	2019-04-11	100.0	2019-04-11	200.0	2019-04-11
CM135			04-12-19_R1_N001_A	04-12-19:R1:N001:A	2019-04-12	R1	2019-04-12_R1_N001	A	29000.0	2019-04-11	55000.0	2019-04-11	100.0	2019-04-11	200.0	2019-04-11
CM136			04-12-19_R1_N001_D	04-12-19:R1:N001:D	2019-04-12	R1	2019-04-12_R1_N001	D	29000.0	2019-04-11	55000.0	2019-04-11	100.0	2019-04-11	200.0	2019-04-11
CM137			04-12-19_R1_N002_A	04-12-19:R1:N002:A	2019-04-12	R1	2019-04-12_R1_N002	A	29000.0	2019-04-11	55000.0	2019-04-11	100.0	2019-04-11	200.0	2019-04-11
CM138			04-12-19_R1_N002_B	04-12-19:R1:N002:B	2019-04-12	R1	2019-04-12_R1_N002	B	29000.0	2019-04-11	55000.0	2019-04-11	100.0	2019-04-11	200.0	2019-04-11
CM139			04-12-19_R1_N002_C	04-12-19:R1:N002:C	2019-04-12	R1	2019-04-12_R1_N002	C	29000.0	2019-04-11	55000.0	2019-04-11	100.0	2019-04-11	200.0	2019-04-11
CM140			04-12-19_R1_N002_D	04-12-19:R1:N002:D	2019-04-12	R1	2019-04-12_R1_N002	D	29000.0	2019-04-11	55000.0	2019-04-11	100.0	2019-04-11	200.0	2019-04-11
CM141			04-12-19_R1_N003_A	04-12-19:R1:N003:A	2019-04-12	R1	2019-04-12_R1_N003	A	29000.0	2019-04-11	55000.0	2019-04-11	100.0	2019-04-11	200.0	2019-04-11
CM142			04-12-19_R1_N003_B	04-12-19:R1:N003:B	2019-04-12	R1	2019-04-12_R1_N003	B	29000.0	2019-04-11	55000.0	2019-04-11	100.0	2019-04-11	200.0	2019-04-11
CM143			04-12-19_R1_N003_C	04-12-19:R1:N003:C	2019-04-12	R1	2019-04-12_R1_N003	C	29000.0	2019-04-11	55000.0	2019-04-11	100.0	2019-04-11	200.0	2019-04-11
CM144			04-12-19_R1_N003_D	04-12-19:R1:N003:D	2019-04-12	R1	2019-04-12_R1_N003	D	29000.0	2019-04-11	55000.0	2019-04-11	100.0	2019-04-11	200.0	2019-04-11
CM145			04-12-19_R1_N004_A	04-12-19:R1:N004:A	2019-04-12	R1	2019-04-12_R1_N004	A	29000.0	2019-04-11	55000.0	2019-04-11	100.0	2019-04-11	200.0	2019-04-11
CM146			04-12-19_R1_N004_B	04-12-19:R1:N004:B	2019-04-12	R1	2019-04-12_R1_N004	B	29000.0	2019-04-11	55000.0	2019-04-11	100.0	2019-04-11	200.0	2019-04-11
CM147			04-12-19_R1_N004_C	04-12-19:R1:N004:C	2019-04-12	R1	2019-04-12_R1_N004	C	29000.0	2019-04-11	55000.0	2019-04-11	100.0	2019-04-11	200.0	2019-04-11
CM148			04-12-19_R1_N004_D	04-12-19:R1:N004:D	2019-04-12	R1	2019-04-12_R1_N004	D	29000.0	2019-04-11	55000.0	2019-04-11	100.0	2019-04-11	200.0	2019-04-11
CM149			04-12-19_R1_N005_A	04-12-19:R1:N005:A	2019-04-12	R1	2019-04-12_R1_N005	A	29000.0	2019-04-11	55000.0	2019-04-11	100.0	2019-04-11	200.0	2019-04-11
CM150			04-12-19_R1_N005_B	04-12-19:R1:N005:B	2019-04-12	R1	2019-04-12_R1_N005	B	29000.0	2019-04-11	55000.0	2019-04-11	100.0	2019-04-11	200.0	2019-04-11
CM151			04-12-19_R1_N005_C	04-12-19:R1:N005:C	2019-04-12	R1	2019-04-12_R1_N005	C	29000.0	2019-04-11	55000.0	2019-04-11	100.0	2019-04-11	200.0	2019-04-11
CM152			04-12-19_R1_N005_D	04-12-19:R1:N005:D	2019-04-12	R1	2019-04-12_R1_N005	D	29000.0	2019-04-11	55000.0	2019-04-11	100.0	2019-04-11	200.0	2019-04-11
CM153			04-12-19_R1_N006_A	04-12-19:R1:N006:A	2019-04-12	R1	2019-04-12_R1_N006	A	29000.0	2019-04-11	55000.0	2019-04-11	100.0	2019-04-11	200.0	2019-04-11
CM154			04-12-19_R1_N006_B	04-12-19:R1:N006:B	2019-04-12	R1	2019-04-12_R1_N006	B	29000.0	2019-04-11	55000.0	2019-04-11	100.0	2019-04-11	200.0	2019-04-11
CM155			04-12-19_R1_N006_C	04-12-19:R1:N006:C	2019-04-12	R1	2019-04-12_R1_N006	C	29000.0	2019-04-11	55000.0	2019-04-11	100.0	2019-04-11	200.0	2019-04-11
CM156			04-12-19_R1_N006_D	04-12-19:R1:N006:D	2019-04-12	R1	2019-04-12_R1_N006	D	29000.0	2019-04-11	55000.0	2019-04-11	100.0	2019-04-11	200.0	2019-04-11
CM157			04-12-19_R2_N001_A	04-12-19:R2:N001:A	2019-04-12	R2	2019-04-12_R2_N001	A	29000.0	2019-04-11	55000.0	2019-04-11	100.0	2019-04-11	200.0	2019-04-11
CM158			04-12-19_R2_N001_B	04-12-19:R2:N001:B	2019-04-12	R2	2019-04-12_R2_N001	B	29000.0	2019-04-11	55000.0	2019-04-11	100.0	2019-04-11	200.0	2019-04-11
CM159			04-12-19_R2_N001_C	04-12-19:R2:N001:C	2019-04-12	R2	2019-04-12_R2_N001	C	29000.0	2019-04-11	55000.0	2019-04-11	100.0	2019-04-11	200.0	2019-04-11
CM160			04-12-19_R2_N001_D	04-12-19:R2:N001:D	2019-04-12	R2	2019-04-12_R2_N001	D	29000.0	2019-04-11	55000.0	2019-04-11	100.0	2019-04-11	200.0	2019-04-11
CM161			04-12-19_R2_N002_A	04-12-19:R2:N002:A	2019-04-12	R2	2019-04-12_R2_N002	A	29000.0	2019-04-11	55000.0	2019-04-11	100.0	2019-04-11	200.0	2019-04-11
CM162			04-12-19_R2_N002_B	04-12-19:R2:N002:B	2019-04-12	R2	2019-04-12_R2_N002	B	29000.0	2019-04-11	55000.0	2019-04-11	100.0	2019-04-11	200.0	2019-04-11
CM163			04-12-19_R2_N002_C	04-12-19:R2:N002:C	2019-04-12	R2	2019-04-12_R2_N002	C	29000.0	2019-04-11	55000.0	2019-04-11	100.0	2019-04-11	200.0	2019-04-11
CM164			04-12-19_R2_N002_D	04-12-19:R2:N002:D	2019-04-12	R2	2019-04-12_R2_N002	D	29000.0	2019-04-11	55000.0	2019-04-11	100.0	2019-04-11	200.0	2019-04-11
CM165			04-12-19_R2_N003_A	04-12-19:R2:N003:A	2019-04-12	R2	2019-04-12_R2_N003	A	29000.0	2019-04-11	55000.0	2019-04-11	100.0	2019-04-11	200.0	2019-04-11
CM166			04-12-19_R2_N003_B	04-12-19:R2:N003:B	2019-04-12	R2	2019-04-12_R2_N003	B	29000.0	2019-04-11	55000.0	2019-04-11	100.0	2019-04-11	200.0	2019-04-11
CM167			04-12-19_R2_N003_C	04-12-19:R2:N003:C	2019-04-12	R2	2019-04-12_R2_N003	C	29000.0	2019-04-11	55000.0	2019-04-11	100.0	2019-04-11	200.0	2019-04-11
CM168			04-12-19_R2_N003_D	04-12-19:R2:N003:D	2019-04-12	R2	2019-04-12_R2_N003	D	29000.0	2019-04-11	55000.0	2019-04-11	100.0	2019-04-11	200.0	2019-04-11
CM169			04-12-19_R2_N004_A	04-12-19:R2:N004:A	2019-04-12	R2	2019-04-12_R2_N004	A	29000.0	2019-04-11	55000.0	2019-04-11	100.0	2019-04-11	200.0	2019-04-11
CM170			04-12-19_R2_N004_B	04-12-19:R2:N004:B	2019-04-12	R2	2019-04-12_R2_N004	B	29000.0	2019-04-11	55000.0	2019-04-11	100.0	2019-04-11	200.0	2019-04-11
CM171			04-12-19_R2_N004_C	04-12-19:R2:N004:C	2019-04-12	R2	2019-04-12_R2_N004	C	29000.0	2019-04-11	55000.0	2019-04-11	100.0	2019-04-11	200.0	2019-04-11
CM172			04-12-19_R2_N004_D	04-12-19:R2:N004:D	2019-04-12	R2	2019-04-12_R2_N004	D	29000.0	2019-04-11	55000.0	2019-04-11	100.0	2019-04-11	200.0	2019-04-11
CM173			04-12-19_R2_N005_A	04-12-19:R2:N005:A	2019-04-12	R2	2019-04-12_R2_N005	A	29000.0	2019-04-11	55000.0	2019-04-11	100.0	2019-04-11	200.0	2019-04-11
CM174			04-12-19_R2_N005_B	04-12-19:R2:N005:B	2019-04-12	R2	2019-04-12_R2_N005	B	29000.0	2019-04-11	55000.0	2019-04-11	100.0	2019-04-11	200.0	2019-04-11
CM175			04-12-19_R2_N005_C	04-12-19:R2:N005:C	2019-04-12	R2	2019-04-12_R2_N005	C	29000.0	2019-04-11	55000.0	2019-04-11	100.0	2019-04-11	200.0	2019-04-11
CM176			04-12-19_R2_N005_D	04-12-19:R2:N005:D	2019-04-12	R2	2019-04-12_R2_N005	D	29000.0	2019-04-11	55000.0	2019-04-11	100.0	2019-04-11	200.0	2019-04-11
CM177			04-12-19_R2_N006_A	04-12-19:R2:N006:A	2019-04-12	R2	2019-04-12_R2_N006	A	29000.0	2019-04-11	55000.0	2019-04-11	100.0	2019-04-11	200.0	2019-04-11
CM178			04-12-19_R2_N006_B	04-12-19:R2:N006:B	2019-04-12	R2	2019-04-12_R2_N006	B	29000.0	2019-04-11	55000.0	2019-04-11	100.0	2019-04-11	200.0	2019-04-11
CM179			04-12-19_R2_N006_C	04-12-19:R2:N006:C	2019-04-12	R2	2019-04-12_R2_N006	C	29000.0	2019-04-11	55000.0	2019-04-11	100.0	2019-04-11	200.0	2019-04-11
CM180			04-12-19_R2_N006_D	04-12-19:R2:N006:D	2019-04-12	R2	2019-04-12_R2_N006	D	29000.0	2019-04-11	55000.0	2019-04-11	100.0	2019-04-11	200.0	2019-04-11
CM181			04-12-19_R3_N001_A	04-12-19:R3:N001:A	2019-04-12	R3	2019-04-12_R3_N001	A	29000.0	2019-04-11	55000.0	2019-04-11	100.0	2019-04-11	200.0	2019-04-11
CM182			04-12-19_R3_N001_B	04-12-19:R3:N001:B	2019-04-12	R3	2019-04-12_R3_N001	B	29000.0	2019-04-11	55000.0	2019-04-11	100.0	2019-04-11	200.0	2019-04-11
CM183			04-12-19_R3_N001_C	04-12-19:R3:N001:C	2019-04-12	R3	2019-04-12_R3_N001	C	29000.0	2019-04-11	55000.0	2019-04-11	100.0	2019-04-11	200.0	2019-04-11
CM184			04-12-19_R3_N001_D	04-12-19:R3:N001:D	2019-04-12	R3	2019-04-12_R3_N001	D	29000.0	2019-04-11	55000.0	2019-04-11	100.0	2019-04-11	200.0	2019-04-11
CM185			04-12-19_R3_N002_A	04-12-19:R3:N002:A	2019-04-12	R3	2019-04-12_R3_N002	A	29000.0	2019-04-11	55000.0	2019-04-11	100.0	2019-04-11	200.0	2019-04-11
CM186			04-12-19_R3_N002_C	04-12-19:R3:N002:C	2019-04-12	R3	2019-04-12_R3_N002	C	29000.0	2019-04-11	55000.0	2019-04-11	100.0	2019-04-11	200.0	2019-04-11
CM187			04-12-19_R3_N002_D	04-12-19:R3:N002:D	2019-04-12	R3	2019-04-12_R3_N002	D	29000.0	2019-04-11	55000.0	2019-04-11	100.0	2019-04-11	200.0	2019-04-11
CM188			04-12-19_R3_N003_A	04-12-19:R3:N003:A	2019-04-12	R3	2019-04-12_R3_N003	A	29000.0	2019-04-11	55000.0	2019-04-11	100.0	2019-04-11	200.0	2019-04-11
CM189			04-12-19_R3_N003_B	04-12-19:R3:N003:B	2019-04-12	R3	2019-04-12_R3_N003	B	29000.0	2019-04-11	55000.0	2019-04-11	100.0	2019-04-11	200.0	2019-04-11
CM190			04-12-19_R3_N003_C	04-12-19:R3:N003:C	2019-04-12	R3	2019-04-12_R3_N003	C	29000.0	2019-04-11	55000.0	2019-04-11	100.0	2019-04-11	200.0	2019-04-11
CM191			04-12-19_R3_N003_D	04-12-19:R3:N003:D	2019-04-12	R3	2019-04-12_R3_N003	D	29000.0	2019-04-11	55000.0	2019-04-11	100.0	2019-04-11	200.0	2019-04-11
CM192			04-12-19_R3_N004_A	04-12-19:R3:N004:A	2019-04-12	R3	2019-04-12_R3_N004	A	29000.0	2019-04-11	55000.0	2019-04-11	100.0	2019-04-11	200.0	2019-04-11
CM193			04-12-19_R3_N004_B	04-12-19:R3:N004:B	2019-04-12	R3	2019-04-12_R3_N004	B	29000.0	2019-04-11	55000.0	2019-04-11	100.0	2019-04-11	200.0	2019-04-11
CM194			04-12-19_R3_N004_C	04-12-19:R3:N004:C	2019-04-12	R3	2019-04-12_R3_N004	C	29000.0	2019-04-11	55000.0	2019-04-11	100.0	2019-04-11	200.0	2019-04-11
CM195			04-12-19_R3_N004_D	04-12-19:R3:N004:D	2019-04-12	R3	2019-04-12_R3_N004	D	29000.0	2019-04-11	55000.0	2019-04-11	100.0	2019-04-11	200.0	2019-04-11
CM196			04-12-19_R3_N005_A	04-12-19:R3:N005:A	2019-04-12	R3	2019-04-12_R3_N005	A	29000.0	2019-04-11	55000.0	2019-04-11	100.0	2019-04-11	200.0	2019-04-11
CM197			04-12-19_R3_N005_B	04-12-19:R3:N005:B	2019-04-12	R3	2019-04-12_R3_N005	B	29000.0	2019-04-11	55000.0	2019-04-11	100.0	2019-04-11	200.0	2019-04-11
CM198			04-12-19_R3_N005_C	04-12-19:R3:N005:C	2019-04-12	R3	2019-04-12_R3_N005	C	29000.0	2019-04-11	55000.0	2019-04-11	100.0	2019-04-11	200.0	2019-04-11
CM199			04-12-19_R3_N005_D	04-12-19:R3:N005:D	2019-04-12	R3	2019-04-12_R3_N005	D	29000.0	2019-04-11	55000.0	2019-04-11	100.0	2019-04-11	200.0	2019-04-11
CM200			04-12-19_R3_N006_A	04-12-19:R3:N006:A	2019-04-12	R3	2019-04-12_R3_N006	A	29000.0	2019-04-11	55000.0	2019-04-11	100.0	2019-04-11	200.0	2019-04-11
CM201			04-12-19_R3_N006_B	04-12-19:R3:N006:B	2019-04-12	R3	2019-04-12_R3_N006	B	29000.0	2019-04-11	55000.0	2019-04-11	100.0	2019-04-11	200.0	2019-04-11
CM202			04-19-19_R1_N001_A	04-19-19:R1:N001:A	2019-04-19	R1	2019-04-19_R1_N001	A	33000.0	2019-04-16	31000.0	2019-04-16	21.0	2019-04-16	100.0	2019-04-16
CM203			04-19-19_R1_N001_B	04-19-19:R1:N001:B	2019-04-19	R1	2019-04-19_R1_N001	B	33000.0	2019-04-16	31000.0	2019-04-16	21.0	2019-04-16	100.0	2019-04-16
CM204			04-19-19_R1_N001_D	04-19-19:R1:N001:D	2019-04-19	R1	2019-04-19_R1_N001	D	33000.0	2019-04-16	31000.0	2019-04-16	21.0	2019-04-16	100.0	2019-04-16
CM205			04-19-19_R1_N002_A	04-19-19:R1:N002:A	2019-04-19	R1	2019-04-19_R1_N002	A	33000.0	2019-04-16	31000.0	2019-04-16	21.0	2019-04-16	100.0	2019-04-16
CM206			04-19-19_R1_N002_B	04-19-19:R1:N002:B	2019-04-19	R1	2019-04-19_R1_N002	B	33000.0	2019-04-16	31000.0	2019-04-16	21.0	2019-04-16	100.0	2019-04-16
CM207			04-19-19_R1_N002_C	04-19-19:R1:N002:C	2019-04-19	R1	2019-04-19_R1_N002	C	33000.0	2019-04-16	31000.0	2019-04-16	21.0	2019-04-16	100.0	2019-04-16
CM208			04-19-19_R1_N002_D	04-19-19:R1:N002:D	2019-04-19	R1	2019-04-19_R1_N002	D	33000.0	2019-04-16	31000.0	2019-04-16	21.0	2019-04-16	100.0	2019-04-16
CM209			04-19-19_R1_N003_A	04-19-19:R1:N003:A	2019-04-19	R1	2019-04-19_R1_N003	A	33000.0	2019-04-16	31000.0	2019-04-16	21.0	2019-04-16	100.0	2019-04-16
CM210			04-19-19_R1_N003_B	04-19-19:R1:N003:B	2019-04-19	R1	2019-04-19_R1_N003	B	33000.0	2019-04-16	31000.0	2019-04-16	21.0	2019-04-16	100.0	2019-04-16
CM211			04-19-19_R1_N003_C	04-19-19:R1:N003:C	2019-04-19	R1	2019-04-19_R1_N003	C	33000.0	2019-04-16	31000.0	2019-04-16	21.0	2019-04-16	100.0	2019-04-16
CM212			04-19-19_R1_N003_D	04-19-19:R1:N003:D	2019-04-19	R1	2019-04-19_R1_N003	D	33000.0	2019-04-16	31000.0	2019-04-16	21.0	2019-04-16	100.0	2019-04-16
CM213			04-19-19_R1_N004_A	04-19-19:R1:N004:A	2019-04-19	R1	2019-04-19_R1_N004	A	33000.0	2019-04-16	31000.0	2019-04-16	21.0	2019-04-16	100.0	2019-04-16
CM214			04-19-19_R1_N004_B	04-19-19:R1:N004:B	2019-04-19	R1	2019-04-19_R1_N004	B	33000.0	2019-04-16	31000.0	2019-04-16	21.0	2019-04-16	100.0	2019-04-16
CM215			04-19-19_R1_N004_C	04-19-19:R1:N004:C	2019-04-19	R1	2019-04-19_R1_N004	C	33000.0	2019-04-16	31000.0	2019-04-16	21.0	2019-04-16	100.0	2019-04-16
CM216			04-19-19_R1_N004_D	04-19-19:R1:N004:D	2019-04-19	R1	2019-04-19_R1_N004	D	33000.0	2019-04-16	31000.0	2019-04-16	21.0	2019-04-16	100.0	2019-04-16
CM217			04-19-19_R1_N005_A	04-19-19:R1:N005:A	2019-04-19	R1	2019-04-19_R1_N005	A	33000.0	2019-04-16	31000.0	2019-04-16	21.0	2019-04-16	100.0	2019-04-16
CM218			04-19-19_R1_N005_B	04-19-19:R1:N005:B	2019-04-19	R1	2019-04-19_R1_N005	B	33000.0	2019-04-16	31000.0	2019-04-16	21.0	2019-04-16	100.0	2019-04-16
CM219			04-19-19_R1_N005_C	04-19-19:R1:N005:C	2019-04-19	R1	2019-04-19_R1_N005	C	33000.0	2019-04-16	31000.0	2019-04-16	21.0	2019-04-16	100.0	2019-04-16
CM220			04-19-19_R1_N005_D	04-19-19:R1:N005:D	2019-04-19	R1	2019-04-19_R1_N005	D	33000.0	2019-04-16	31000.0	2019-04-16	21.0	2019-04-16	100.0	2019-04-16
CM221			04-19-19_R1_N006_A	04-19-19:R1:N006:A	2019-04-19	R1	2019-04-19_R1_N006	A	33000.0	2019-04-16	31000.0	2019-04-16	21.0	2019-04-16	100.0	2019-04-16
CM222			04-19-19_R1_N006_B	04-19-19:R1:N006:B	2019-04-19	R1	2019-04-19_R1_N006	B	33000.0	2019-04-16	31000.0	2019-04-16	21.0	2019-04-16	100.0	2019-04-16
CM223			04-19-19_R1_N006_C	04-19-19:R1:N006:C	2019-04-19	R1	2019-04-19_R1_N006	C	33000.0	2019-04-16	31000.0	2019-04-16	21.0	2019-04-16	100.0	2019-04-16
CM224			04-19-19_R1_N006_D	04-19-19:R1:N006:D	2019-04-19	R1	2019-04-19_R1_N006	D	33000.0	2019-04-16	31000.0	2019-04-16	21.0	2019-04-16	100.0	2019-04-16
CM225			04-19-19_R2_N001_A	04-19-19:R2:N001:A	2019-04-19	R2	2019-04-19_R2_N001	A	33000.0	2019-04-16	31000.0	2019-04-16	21.0	2019-04-16	100.0	2019-04-16
CM226			04-19-19_R2_N001_B	04-19-19:R2:N001:B	2019-04-19	R2	2019-04-19_R2_N001	B	33000.0	2019-04-16	31000.0	2019-04-16	21.0	2019-04-16	100.0	2019-04-16
CM227			04-19-19_R2_N001_C	04-19-19:R2:N001:C	2019-04-19	R2	2019-04-19_R2_N001	C	33000.0	2019-04-16	31000.0	2019-04-16	21.0	2019-04-16	100.0	2019-04-16
CM228			04-19-19_R2_N001_D	04-19-19:R2:N001:D	2019-04-19	R2	2019-04-19_R2_N001	D	33000.0	2019-04-16	31000.0	2019-04-16	21.0	2019-04-16	100.0	2019-04-16
CM229			04-19-19_R2_N002_A	04-19-19:R2:N002:A	2019-04-19	R2	2019-04-19_R2_N002	A	33000.0	2019-04-16	31000.0	2019-04-16	21.0	2019-04-16	100.0	2019-04-16
CM230			04-19-19_R2_N002_B	04-19-19:R2:N002:B	2019-04-19	R2	2019-04-19_R2_N002	B	33000.0	2019-04-16	31000.0	2019-04-16	21.0	2019-04-16	100.0	2019-04-16
CM231			04-19-19_R2_N002_C	04-19-19:R2:N002:C	2019-04-19	R2	2019-04-19_R2_N002	C	33000.0	2019-04-16	31000.0	2019-04-16	21.0	2019-04-16	100.0	2019-04-16
CM232			04-19-19_R2_N003_A	04-19-19:R2:N003:A	2019-04-19	R2	2019-04-19_R2_N003	A	33000.0	2019-04-16	31000.0	2019-04-16	21.0	2019-04-16	100.0	2019-04-16
CM233			04-19-19_R2_N003_B	04-19-19:R2:N003:B	2019-04-19	R2	2019-04-19_R2_N003	B	33000.0	2019-04-16	31000.0	2019-04-16	21.0	2019-04-16	100.0	2019-04-16
CM234			04-19-19_R2_N003_C	04-19-19:R2:N003:C	2019-04-19	R2	2019-04-19_R2_N003	C	33000.0	2019-04-16	31000.0	2019-04-16	21.0	2019-04-16	100.0	2019-04-16
CM235			04-19-19_R2_N003_D	04-19-19:R2:N003:D	2019-04-19	R2	2019-04-19_R2_N003	D	33000.0	2019-04-16	31000.0	2019-04-16	21.0	2019-04-16	100.0	2019-04-16
CM236			04-19-19_R2_N004_A	04-19-19:R2:N004:A	2019-04-19	R2	2019-04-19_R2_N004	A	33000.0	2019-04-16	31000.0	2019-04-16	21.0	2019-04-16	100.0	2019-04-16
CM237			04-19-19_R2_N004_B	04-19-19:R2:N004:B	2019-04-19	R2	2019-04-19_R2_N004	B	33000.0	2019-04-16	31000.0	2019-04-16	21.0	2019-04-16	100.0	2019-04-16
CM238			04-19-19_R2_N004_C	04-19-19:R2:N004:C	2019-04-19	R2	2019-04-19_R2_N004	C	33000.0	2019-04-16	31000.0	2019-04-16	21.0	2019-04-16	100.0	2019-04-16
CM239			04-19-19_R2_N004_D	04-19-19:R2:N004:D	2019-04-19	R2	2019-04-19_R2_N004	D	33000.0	2019-04-16	31000.0	2019-04-16	21.0	2019-04-16	100.0	2019-04-16
CM240			04-19-19_R2_N005_A	04-19-19:R2:N005:A	2019-04-19	R2	2019-04-19_R2_N005	A	33000.0	2019-04-16	31000.0	2019-04-16	21.0	2019-04-16	100.0	2019-04-16
CM241			04-19-19_R2_N005_B	04-19-19:R2:N005:B	2019-04-19	R2	2019-04-19_R2_N005	B	33000.0	2019-04-16	31000.0	2019-04-16	21.0	2019-04-16	100.0	2019-04-16
CM242			04-19-19_R2_N005_C	04-19-19:R2:N005:C	2019-04-19	R2	2019-04-19_R2_N005	C	33000.0	2019-04-16	31000.0	2019-04-16	21.0	2019-04-16	100.0	2019-04-16
CM243			04-19-19_R2_N005_D	04-19-19:R2:N005:D	2019-04-19	R2	2019-04-19_R2_N005	D	33000.0	2019-04-16	31000.0	2019-04-16	21.0	2019-04-16	100.0	2019-04-16
CM244			04-19-19_R2_N005_D	04-19-19:R2:N005:D	2019-04-19	R2	2019-04-19_R2_N005	D	33000.0	2019-04-16	31000.0	2019-04-16	21.0	2019-04-16	100.0	2019-04-16
CM245			04-19-19_R2_N006_A	04-19-19:R2:N006:A	2019-04-19	R2	2019-04-19_R2_N006	A	33000.0	2019-04-16	31000.0	2019-04-16	21.0	2019-04-16	100.0	2019-04-16
CM246			04-19-19_R2_N006_B	04-19-19:R2:N006:B	2019-04-19	R2	2019-04-19_R2_N006	B	33000.0	2019-04-16	31000.0	2019-04-16	21.0	2019-04-16	100.0	2019-04-16
CM247			04-19-19_R2_N006_C	04-19-19:R2:N006:C	2019-04-19	R2	2019-04-19_R2_N006	C	33000.0	2019-04-16	31000.0	2019-04-16	21.0	2019-04-16	100.0	2019-04-16
CM248			04-19-19_R2_N006_D	04-19-19:R2:N006:D	2019-04-19	R2	2019-04-19_R2_N006	D	33000.0	2019-04-16	31000.0	2019-04-16	21.0	2019-04-16	100.0	2019-04-16
CM249			04-19-19_R3_N001_A	04-19-19:R3:N001:A	2019-04-19	R3	2019-04-19_R3_N001	A	33000.0	2019-04-16	31000.0	2019-04-16	21.0	2019-04-16	100.0	2019-04-16
CM250			04-19-19_R3_N001_B	04-19-19:R3:N001:B	2019-04-19	R3	2019-04-19_R3_N001	B	33000.0	2019-04-16	31000.0	2019-04-16	21.0	2019-04-16	100.0	2019-04-16
CM251			04-19-19_R3_N001_C	04-19-19:R3:N001:C	2019-04-19	R3	2019-04-19_R3_N001	C	33000.0	2019-04-16	31000.0	2019-04-16	21.0	2019-04-16	100.0	2019-04-16
CM252			04-19-19_R3_N001_D	04-19-19:R3:N001:D	2019-04-19	R3	2019-04-19_R3_N001	D	33000.0	2019-04-16	31000.0	2019-04-16	21.0	2019-04-16	100.0	2019-04-16
CM253			04-19-19_R3_N002_A	04-19-19:R3:N002:A	2019-04-19	R3	2019-04-19_R3_N002	A	33000.0	2019-04-16	31000.0	2019-04-16	21.0	2019-04-16	100.0	2019-04-16
CM254			04-19-19_R3_N002_B	04-19-19:R3:N002:B	2019-04-19	R3	2019-04-19_R3_N002	B	33000.0	2019-04-16	31000.0	2019-04-16	21.0	2019-04-16	100.0	2019-04-16
CM255			04-19-19_R3_N002_C	04-19-19:R3:N002:C	2019-04-19	R3	2019-04-19_R3_N002	C	33000.0	2019-04-16	31000.0	2019-04-16	21.0	2019-04-16	100.0	2019-04-16
CM256			04-19-19_R3_N002_D	04-19-19:R3:N002:D	2019-04-19	R3	2019-04-19_R3_N002	D	33000.0	2019-04-16	31000.0	2019-04-16	21.0	2019-04-16	100.0	2019-04-16
CM257			04-19-19_R3_N003_A	04-19-19:R3:N003:A	2019-04-19	R3	2019-04-19_R3_N003	A	33000.0	2019-04-16	31000.0	2019-04-16	21.0	2019-04-16	100.0	2019-04-16
CM258			04-19-19_R3_N003_B	04-19-19:R3:N003:B	2019-04-19	R3	2019-04-19_R3_N003	B	33000.0	2019-04-16	31000.0	2019-04-16	21.0	2019-04-16	100.0	2019-04-16
CM259			04-19-19_R3_N003_C	04-19-19:R3:N003:C	2019-04-19	R3	2019-04-19_R3_N003	C	33000.0	2019-04-16	31000.0	2019-04-16	21.0	2019-04-16	100.0	2019-04-16
CM260			04-19-19_R3_N003_D	04-19-19:R3:N003:D	2019-04-19	R3	2019-04-19_R3_N003	D	33000.0	2019-04-16	31000.0	2019-04-16	21.0	2019-04-16	100.0	2019-04-16
CM261			04-19-19_R3_N004_A	04-19-19:R3:N004:A	2019-04-19	R3	2019-04-19_R3_N004	A	33000.0	2019-04-16	31000.0	2019-04-16	21.0	2019-04-16	100.0	2019-04-16
CM262			04-19-19_R3_N004_B	04-19-19:R3:N004:B	2019-04-19	R3	2019-04-19_R3_N004	B	33000.0	2019-04-16	31000.0	2019-04-16	21.0	2019-04-16	100.0	2019-04-16
CM263			04-19-19_R3_N004_C	04-19-19:R3:N004:C	2019-04-19	R3	2019-04-19_R3_N004	C	33000.0	2019-04-16	31000.0	2019-04-16	21.0	2019-04-16	100.0	2019-04-16
CM264			04-19-19_R3_N004_D	04-19-19:R3:N004:D	2019-04-19	R3	2019-04-19_R3_N004	D	33000.0	2019-04-16	31000.0	2019-04-16	21.0	2019-04-16	100.0	2019-04-16
CM265			04-19-19_R3_N005_A	04-19-19:R3:N005:A	2019-04-19	R3	2019-04-19_R3_N005	A	33000.0	2019-04-16	31000.0	2019-04-16	21.0	2019-04-16	100.0	2019-04-16
CM266			04-19-19_R3_N005_B	04-19-19:R3:N005:B	2019-04-19	R3	2019-04-19_R3_N005	B	33000.0	2019-04-16	31000.0	2019-04-16	21.0	2019-04-16	100.0	2019-04-16
CM267			04-19-19_R3_N005_C	04-19-19:R3:N005:C	2019-04-19	R3	2019-04-19_R3_N005	C	33000.0	2019-04-16	31000.0	2019-04-16	21.0	2019-04-16	100.0	2019-04-16
CM268			04-19-19_R3_N005_D	04-19-19:R3:N005:D	2019-04-19	R3	2019-04-19_R3_N005	D	33000.0	2019-04-16	31000.0	2019-04-16	21.0	2019-04-16	100.0	2019-04-16
CM269			04-19-19_R3_N006_A	04-19-19:R3:N006:A	2019-04-19	R3	2019-04-19_R3_N006	A	33000.0	2019-04-16	31000.0	2019-04-16	21.0	2019-04-16	100.0	2019-04-16
CM270			04-19-19_R3_N006_B	04-19-19:R3:N006:B	2019-04-19	R3	2019-04-19_R3_N006	B	33000.0	2019-04-16	31000.0	2019-04-16	21.0	2019-04-16	100.0	2019-04-16
CM271			04-19-19_R3_N006_C	04-19-19:R3:N006:C	2019-04-19	R3	2019-04-19_R3_N006	C	33000.0	2019-04-16	31000.0	2019-04-16	21.0	2019-04-16	100.0	2019-04-16
CM272			04-19-19_R3_N006_D	04-19-19:R3:N006:D	2019-04-19	R3	2019-04-19_R3_N006	D	33000.0	2019-04-16	31000.0	2019-04-16	21.0	2019-04-16	100.0	2019-04-16
CM273			11-14-19_R1_N001_C	11-14-19:R1:N001:C	2019-11-14	R1	2019-11-14_R1_N001	C	14000.0	2019-11-12	21000.0	2019-11-12	190.0	2019-11-12	4800.0	2019-11-12
CM274			11-14-19_R1_N001_D	11-14-19:R1:N001:D	2019-11-14	R1	2019-11-14_R1_N001	D	14000.0	2019-11-12	21000.0	2019-11-12	190.0	2019-11-12	4800.0	2019-11-12
CM275			11-14-19_R1_N002_C	11-14-19:R1:N002:C	2019-11-14	R1	2019-11-14_R1_N002	C	14000.0	2019-11-12	21000.0	2019-11-12	190.0	2019-11-12	4800.0	2019-11-12
CM276			11-14-19_R1_N002_D	11-14-19:R1:N002:D	2019-11-14	R1	2019-11-14_R1_N002	D	14000.0	2019-11-12	21000.0	2019-11-12	190.0	2019-11-12	4800.0	2019-11-12
CM277			11-14-19_R1_N003_C	11-14-19:R1:N003:C	2019-11-14	R1	2019-11-14_R1_N003	C	14000.0	2019-11-12	21000.0	2019-11-12	190.0	2019-11-12	4800.0	2019-11-12
CM278			11-14-19_R1_N003_D	11-14-19:R1:N003:D	2019-11-14	R1	2019-11-14_R1_N003	D	14000.0	2019-11-12	21000.0	2019-11-12	190.0	2019-11-12	4800.0	2019-11-12
CM279			11-14-19_R1_N004_C	11-14-19:R1:N004:C	2019-11-14	R1	2019-11-14_R1_N004	C	14000.0	2019-11-12	21000.0	2019-11-12	190.0	2019-11-12	4800.0	2019-11-12
CM280			11-14-19_R1_N004_D	11-14-19:R1:N004:D	2019-11-14	R1	2019-11-14_R1_N004	D	14000.0	2019-11-12	21000.0	2019-11-12	190.0	2019-11-12	4800.0	2019-11-12
CM281			11-14-19_R1_N005_C	11-14-19:R1:N005:C	2019-11-14	R1	2019-11-14_R1_N005	C	14000.0	2019-11-12	21000.0	2019-11-12	190.0	2019-11-12	4800.0	2019-11-12
CM282			11-14-19_R1_N005_D	11-14-19:R1:N005:D	2019-11-14	R1	2019-11-14_R1_N005	D	14000.0	2019-11-12	21000.0	2019-11-12	190.0	2019-11-12	4800.0	2019-11-12
CM283			11-14-19_R1_N006_C	11-14-19:R1:N006:C	2019-11-14	R1	2019-11-14_R1_N006	C	14000.0	2019-11-12	21000.0	2019-11-12	190.0	2019-11-12	4800.0	2019-11-12
CM284			11-14-19_R1_N006_D	11-14-19:R1:N006:D	2019-11-14	R1	2019-11-14_R1_N006	D	14000.0	2019-11-12	21000.0	2019-11-12	190.0	2019-11-12	4800.0	2019-11-12
CM285			11-14-19_R2_N001_C	11-14-19:R2:N001:C	2019-11-14	R2	2019-11-14_R2_N001	C	14000.0	2019-11-12	21000.0	2019-11-12	190.0	2019-11-12	4800.0	2019-11-12
CM286			11-14-19_R2_N001_D	11-14-19:R2:N001:D	2019-11-14	R2	2019-11-14_R2_N001	D	14000.0	2019-11-12	21000.0	2019-11-12	190.0	2019-11-12	4800.0	2019-11-12
CM287			11-14-19_R2_N002_C	11-14-19:R2:N002:C	2019-11-14	R2	2019-11-14_R2_N002	C	14000.0	2019-11-12	21000.0	2019-11-12	190.0	2019-11-12	4800.0	2019-11-12
CM288			11-14-19_R2_N002_D	11-14-19:R2:N002:D	2019-11-14	R2	2019-11-14_R2_N002	D	14000.0	2019-11-12	21000.0	2019-11-12	190.0	2019-11-12	4800.0	2019-11-12
CM289			11-14-19_R2_N003_C	11-14-19:R2:N003:C	2019-11-14	R2	2019-11-14_R2_N003	C	14000.0	2019-11-12	21000.0	2019-11-12	190.0	2019-11-12	4800.0	2019-11-12
CM290			11-14-19_R2_N003_D	11-14-19:R2:N003:D	2019-11-14	R2	2019-11-14_R2_N003	D	14000.0	2019-11-12	21000.0	2019-11-12	190.0	2019-11-12	4800.0	2019-11-12
CM291			11-14-19_R2_N004_A	11-14-19:R2:N004:A	2019-11-14	R2	2019-11-14_R2_N004	A	14000.0	2019-11-12	21000.0	2019-11-12	190.0	2019-11-12	4800.0	2019-11-12
CM292			11-14-19_R2_N004_B	11-14-19:R2:N004:B	2019-11-14	R2	2019-11-14_R2_N004	B	14000.0	2019-11-12	21000.0	2019-11-12	190.0	2019-11-12	4800.0	2019-11-12
CM293			11-14-19_R2_N004_C	11-14-19:R2:N004:C	2019-11-14	R2	2019-11-14_R2_N004	C	14000.0	2019-11-12	21000.0	2019-11-12	190.0	2019-11-12	4800.0	2019-11-12
CM294			11-14-19_R2_N004_D	11-14-19:R2:N004:D	2019-11-14	R2	2019-11-14_R2_N004	D	14000.0	2019-11-12	21000.0	2019-11-12	190.0	2019-11-12	4800.0	2019-11-12
CM295			11-14-19_R2_N005_A	11-14-19:R2:N005:A	2019-11-14	R2	2019-11-14_R2_N005	A	14000.0	2019-11-12	21000.0	2019-11-12	190.0	2019-11-12	4800.0	2019-11-12
CM296			11-14-19_R2_N005_B	11-14-19:R2:N005:B	2019-11-14	R2	2019-11-14_R2_N005	B	14000.0	2019-11-12	21000.0	2019-11-12	190.0	2019-11-12	4800.0	2019-11-12
CM297			11-14-19_R2_N005_C	11-14-19:R2:N005:C	2019-11-14	R2	2019-11-14_R2_N005	C	14000.0	2019-11-12	21000.0	2019-11-12	190.0	2019-11-12	4800.0	2019-11-12
CM298			11-14-19_R2_N005_D	11-14-19:R2:N005:D	2019-11-14	R2	2019-11-14_R2_N005	D	14000.0	2019-11-12	21000.0	2019-11-12	190.0	2019-11-12	4800.0	2019-11-12
CM299			11-14-19_R2_N006_A	11-14-19:R2:N006:A	2019-11-14	R2	2019-11-14_R2_N006	A	14000.0	2019-11-12	21000.0	2019-11-12	190.0	2019-11-12	4800.0	2019-11-12
CM300			11-14-19_R2_N006_B	11-14-19:R2:N006:B	2019-11-14	R2	2019-11-14_R2_N006	B	14000.0	2019-11-12	21000.0	2019-11-12	190.0	2019-11-12	4800.0	2019-11-12
CM301			11-14-19_R2_N006_C	11-14-19:R2:N006:C	2019-11-14	R2	2019-11-14_R2_N006	C	14000.0	2019-11-12	21000.0	2019-11-12	190.0	2019-11-12	4800.0	2019-11-12
CM302			11-14-19_R2_N006_D	11-14-19:R2:N006:D	2019-11-14	R2	2019-11-14_R2_N006	D	14000.0	2019-11-12	21000.0	2019-11-12	190.0	2019-11-12	4800.0	2019-11-12
CM303			11-14-19_R3_N001_A	11-14-19:R3:N001:A	2019-11-14	R3	2019-11-14_R3_N001	A	14000.0	2019-11-12	21000.0	2019-11-12	190.0	2019-11-12	4800.0	2019-11-12
CM304			11-14-19_R3_N001_B	11-14-19:R3:N001:B	2019-11-14	R3	2019-11-14_R3_N001	B	14000.0	2019-11-12	21000.0	2019-11-12	190.0	2019-11-12	4800.0	2019-11-12
CM305			11-14-19_R3_N001_C	11-14-19:R3:N001:C	2019-11-14	R3	2019-11-14_R3_N001	C	14000.0	2019-11-12	21000.0	2019-11-12	190.0	2019-11-12	4800.0	2019-11-12
CM306			11-14-19_R3_N001_D	11-14-19:R3:N001:D	2019-11-14	R3	2019-11-14_R3_N001	D	14000.0	2019-11-12	21000.0	2019-11-12	190.0	2019-11-12	4800.0	2019-11-12
CM307			11-14-19_R3_N002_A	11-14-19:R3:N002:A	2019-11-14	R3	2019-11-14_R3_N002	A	14000.0	2019-11-12	21000.0	2019-11-12	190.0	2019-11-12	4800.0	2019-11-12
CM308			11-14-19_R3_N002_B	11-14-19:R3:N002:B	2019-11-14	R3	2019-11-14_R3_N002	B	14000.0	2019-11-12	21000.0	2019-11-12	190.0	2019-11-12	4800.0	2019-11-12
CM309			11-14-19_R3_N002_D	11-14-19:R3:N002:D	2019-11-14	R3	2019-11-14_R3_N002	D	14000.0	2019-11-12	21000.0	2019-11-12	190.0	2019-11-12	4800.0	2019-11-12
CM310			11-14-19_R3_N003_A	11-14-19:R3:N003:A	2019-11-14	R3	2019-11-14_R3_N003	A	14000.0	2019-11-12	21000.0	2019-11-12	190.0	2019-11-12	4800.0	2019-11-12
CM311			11-14-19_R3_N003_B	11-14-19:R3:N003:B	2019-11-14	R3	2019-11-14_R3_N003	B	14000.0	2019-11-12	21000.0	2019-11-12	190.0	2019-11-12	4800.0	2019-11-12
CM312			11-14-19_R3_N003_C	11-14-19:R3:N003:C	2019-11-14	R3	2019-11-14_R3_N003	C	14000.0	2019-11-12	21000.0	2019-11-12	190.0	2019-11-12	4800.0	2019-11-12
CM313			11-14-19_R3_N003_D	11-14-19:R3:N003:D	2019-11-14	R3	2019-11-14_R3_N003	D	14000.0	2019-11-12	21000.0	2019-11-12	190.0	2019-11-12	4800.0	2019-11-12
CM314			11-14-19_R3_N004_A	11-14-19:R3:N004:A	2019-11-14	R3	2019-11-14_R3_N004	A	14000.0	2019-11-12	21000.0	2019-11-12	190.0	2019-11-12	4800.0	2019-11-12
CM315			11-14-19_R3_N004_B	11-14-19:R3:N004:B	2019-11-14	R3	2019-11-14_R3_N004	B	14000.0	2019-11-12	21000.0	2019-11-12	190.0	2019-11-12	4800.0	2019-11-12
CM316			11-14-19_R3_N004_C	11-14-19:R3:N004:C	2019-11-14	R3	2019-11-14_R3_N004	C	14000.0	2019-11-12	21000.0	2019-11-12	190.0	2019-11-12	4800.0	2019-11-12
CM317			11-14-19_R3_N004_D	11-14-19:R3:N004:D	2019-11-14	R3	2019-11-14_R3_N004	D	14000.0	2019-11-12	21000.0	2019-11-12	190.0	2019-11-12	4800.0	2019-11-12
CM318			11-14-19_R3_N005_A	11-14-19:R3:N005:A	2019-11-14	R3	2019-11-14_R3_N005	A	14000.0	2019-11-12	21000.0	2019-11-12	190.0	2019-11-12	4800.0	2019-11-12
CM319			11-14-19_R3_N005_B	11-14-19:R3:N005:B	2019-11-14	R3	2019-11-14_R3_N005	B	14000.0	2019-11-12	21000.0	2019-11-12	190.0	2019-11-12	4800.0	2019-11-12
CM320			11-14-19_R3_N005_C	11-14-19:R3:N005:C	2019-11-14	R3	2019-11-14_R3_N005	C	14000.0	2019-11-12	21000.0	2019-11-12	190.0	2019-11-12	4800.0	2019-11-12
CM321			11-14-19_R3_N005_D	11-14-19:R3:N005:D	2019-11-14	R3	2019-11-14_R3_N005	D	14000.0	2019-11-12	21000.0	2019-11-12	190.0	2019-11-12	4800.0	2019-11-12
CM322			11-14-19_R3_N006_A	11-14-19:R3:N006:A	2019-11-14	R3	2019-11-14_R3_N006	A	14000.0	2019-11-12	21000.0	2019-11-12	190.0	2019-11-12	4800.0	2019-11-12
CM323			11-14-19_R3_N006_B	11-14-19:R3:N006:B	2019-11-14	R3	2019-11-14_R3_N006	B	14000.0	2019-11-12	21000.0	2019-11-12	190.0	2019-11-12	4800.0	2019-11-12
CM324			11-14-19_R3_N006_C	11-14-19:R3:N006:C	2019-11-14	R3	2019-11-14_R3_N006	C	14000.0	2019-11-12	21000.0	2019-11-12	190.0	2019-11-12	4800.0	2019-11-12
CM325			11-14-19_R3_N006_C	11-14-19:R3:N006:C	2019-11-14	R3	2019-11-14_R3_N006	C	14000.0	2019-11-12	21000.0	2019-11-12	190.0	2019-11-12	4800.0	2019-11-12
CM326			11-14-19_R3_N006_D	11-14-19:R3:N006:D	2019-11-14	R3	2019-11-14_R3_N006	D	14000.0	2019-11-12	21000.0	2019-11-12	190.0	2019-11-12	4800.0	2019-11-12
CM327			11-19-19_R1_N001_A	11-19-19:R1:N001:A	2019-11-19	R1	2019-11-19_R1_N001	A	25000.0	2019-11-19	49000.0	2019-11-19	100.0	2019-11-19	100.0	2019-11-19
CM328			11-19-19_R1_N001_B	11-19-19:R1:N001:B	2019-11-19	R1	2019-11-19_R1_N001	B	25000.0	2019-11-19	49000.0	2019-11-19	100.0	2019-11-19	100.0	2019-11-19
CM329			11-19-19_R1_N001_C	11-19-19:R1:N001:C	2019-11-19	R1	2019-11-19_R1_N001	C	25000.0	2019-11-19	49000.0	2019-11-19	100.0	2019-11-19	100.0	2019-11-19
CM330			11-19-19_R1_N001_D	11-19-19:R1:N001:D	2019-11-19	R1	2019-11-19_R1_N001	D	25000.0	2019-11-19	49000.0	2019-11-19	100.0	2019-11-19	100.0	2019-11-19
CM331			11-19-19_R1_N002_A	11-19-19:R1:N002:A	2019-11-19	R1	2019-11-19_R1_N002	A	25000.0	2019-11-19	49000.0	2019-11-19	100.0	2019-11-19	100.0	2019-11-19
CM332			11-19-19_R1_N002_B	11-19-19:R1:N002:B	2019-11-19	R1	2019-11-19_R1_N002	B	25000.0	2019-11-19	49000.0	2019-11-19	100.0	2019-11-19	100.0	2019-11-19
CM333			11-19-19_R1_N002_C	11-19-19:R1:N002:C	2019-11-19	R1	2019-11-19_R1_N002	C	25000.0	2019-11-19	49000.0	2019-11-19	100.0	2019-11-19	100.0	2019-11-19
CM334			11-19-19_R1_N002_D	11-19-19:R1:N002:D	2019-11-19	R1	2019-11-19_R1_N002	D	25000.0	2019-11-19	49000.0	2019-11-19	100.0	2019-11-19	100.0	2019-11-19
CM335			11-19-19_R1_N003_A	11-19-19:R1:N003:A	2019-11-19	R1	2019-11-19_R1_N003	A	25000.0	2019-11-19	49000.0	2019-11-19	100.0	2019-11-19	100.0	2019-11-19
CM336			11-19-19_R1_N003_B	11-19-19:R1:N003:B	2019-11-19	R1	2019-11-19_R1_N003	B	25000.0	2019-11-19	49000.0	2019-11-19	100.0	2019-11-19	100.0	2019-11-19
CM337			11-19-19_R1_N003_C	11-19-19:R1:N003:C	2019-11-19	R1	2019-11-19_R1_N003	C	25000.0	2019-11-19	49000.0	2019-11-19	100.0	2019-11-19	100.0	2019-11-19
CM338			11-19-19_R1_N003_D	11-19-19:R1:N003:D	2019-11-19	R1	2019-11-19_R1_N003	D	25000.0	2019-11-19	49000.0	2019-11-19	100.0	2019-11-19	100.0	2019-11-19
CM339			11-19-19_R1_N004_A	11-19-19:R1:N004:A	2019-11-19	R1	2019-11-19_R1_N004	A	25000.0	2019-11-19	49000.0	2019-11-19	100.0	2019-11-19	100.0	2019-11-19
CM340			11-19-19_R1_N004_B	11-19-19:R1:N004:B	2019-11-19	R1	2019-11-19_R1_N004	B	25000.0	2019-11-19	49000.0	2019-11-19	100.0	2019-11-19	100.0	2019-11-19
CM341			11-19-19_R1_N004_C	11-19-19:R1:N004:C	2019-11-19	R1	2019-11-19_R1_N004	C	25000.0	2019-11-19	49000.0	2019-11-19	100.0	2019-11-19	100.0	2019-11-19
CM342			11-19-19_R1_N004_D	11-19-19:R1:N004:D	2019-11-19	R1	2019-11-19_R1_N004	D	25000.0	2019-11-19	49000.0	2019-11-19	100.0	2019-11-19	100.0	2019-11-19
CM343			11-19-19_R1_N005_A	11-19-19:R1:N005:A	2019-11-19	R1	2019-11-19_R1_N005	A	25000.0	2019-11-19	49000.0	2019-11-19	100.0	2019-11-19	100.0	2019-11-19
CM344			11-19-19_R1_N005_B	11-19-19:R1:N005:B	2019-11-19	R1	2019-11-19_R1_N005	B	25000.0	2019-11-19	49000.0	2019-11-19	100.0	2019-11-19	100.0	2019-11-19
CM345			11-19-19_R1_N005_C	11-19-19:R1:N005:C	2019-11-19	R1	2019-11-19_R1_N005	C	25000.0	2019-11-19	49000.0	2019-11-19	100.0	2019-11-19	100.0	2019-11-19
CM346			11-19-19_R1_N006_A	11-19-19:R1:N006:A	2019-11-19	R1	2019-11-19_R1_N006	A	25000.0	2019-11-19	49000.0	2019-11-19	100.0	2019-11-19	100.0	2019-11-19
CM347			11-19-19_R1_N006_B	11-19-19:R1:N006:B	2019-11-19	R1	2019-11-19_R1_N006	B	25000.0	2019-11-19	49000.0	2019-11-19	100.0	2019-11-19	100.0	2019-11-19
CM348			11-19-19_R1_N006_C	11-19-19:R1:N006:C	2019-11-19	R1	2019-11-19_R1_N006	C	25000.0	2019-11-19	49000.0	2019-11-19	100.0	2019-11-19	100.0	2019-11-19
CM349			11-19-19_R2_N001_A	11-19-19:R2:N001:A	2019-11-19	R2	2019-11-19_R2_N001	A	25000.0	2019-11-19	49000.0	2019-11-19	100.0	2019-11-19	100.0	2019-11-19
CM350			11-19-19_R2_N001_B	11-19-19:R2:N001:B	2019-11-19	R2	2019-11-19_R2_N001	B	25000.0	2019-11-19	49000.0	2019-11-19	100.0	2019-11-19	100.0	2019-11-19
CM351			11-19-19_R2_N001_C	11-19-19:R2:N001:C	2019-11-19	R2	2019-11-19_R2_N001	C	25000.0	2019-11-19	49000.0	2019-11-19	100.0	2019-11-19	100.0	2019-11-19
CM352			11-19-19_R2_N001_D	11-19-19:R2:N001:D	2019-11-19	R2	2019-11-19_R2_N001	D	25000.0	2019-11-19	49000.0	2019-11-19	100.0	2019-11-19	100.0	2019-11-19
CM353			11-19-19_R2_N002_A	11-19-19:R2:N002:A	2019-11-19	R2	2019-11-19_R2_N002	A	25000.0	2019-11-19	49000.0	2019-11-19	100.0	2019-11-19	100.0	2019-11-19
CM354			11-19-19_R2_N002_B	11-19-19:R2:N002:B	2019-11-19	R2	2019-11-19_R2_N002	B	25000.0	2019-11-19	49000.0	2019-11-19	100.0	2019-11-19	100.0	2019-11-19
CM355			11-19-19_R2_N002_C	11-19-19:R2:N002:C	2019-11-19	R2	2019-11-19_R2_N002	C	25000.0	2019-11-19	49000.0	2019-11-19	100.0	2019-11-19	100.0	2019-11-19
CM356			11-19-19_R2_N002_D	11-19-19:R2:N002:D	2019-11-19	R2	2019-11-19_R2_N002	D	25000.0	2019-11-19	49000.0	2019-11-19	100.0	2019-11-19	100.0	2019-11-19
CM357			11-19-19_R2_N003_A	11-19-19:R2:N003:A	2019-11-19	R2	2019-11-19_R2_N003	A	25000.0	2019-11-19	49000.0	2019-11-19	100.0	2019-11-19	100.0	2019-11-19
CM358			11-19-19_R2_N003_B	11-19-19:R2:N003:B	2019-11-19	R2	2019-11-19_R2_N003	B	25000.0	2019-11-19	49000.0	2019-11-19	100.0	2019-11-19	100.0	2019-11-19
CM359			11-19-19_R2_N003_C	11-19-19:R2:N003:C	2019-11-19	R2	2019-11-19_R2_N003	C	25000.0	2019-11-19	49000.0	2019-11-19	100.0	2019-11-19	100.0	2019-11-19
CM360			11-19-19_R2_N003_D	11-19-19:R2:N003:D	2019-11-19	R2	2019-11-19_R2_N003	D	25000.0	2019-11-19	49000.0	2019-11-19	100.0	2019-11-19	100.0	2019-11-19
CM361			11-19-19_R2_N004_A	11-19-19:R2:N004:A	2019-11-19	R2	2019-11-19_R2_N004	A	25000.0	2019-11-19	49000.0	2019-11-19	100.0	2019-11-19	100.0	2019-11-19
CM362			11-19-19_R2_N004_B	11-19-19:R2:N004:B	2019-11-19	R2	2019-11-19_R2_N004	B	25000.0	2019-11-19	49000.0	2019-11-19	100.0	2019-11-19	100.0	2019-11-19
CM363			11-19-19_R2_N004_C	11-19-19:R2:N004:C	2019-11-19	R2	2019-11-19_R2_N004	C	25000.0	2019-11-19	49000.0	2019-11-19	100.0	2019-11-19	100.0	2019-11-19
CM364			11-19-19_R2_N004_D	11-19-19:R2:N004:D	2019-11-19	R2	2019-11-19_R2_N004	D	25000.0	2019-11-19	49000.0	2019-11-19	100.0	2019-11-19	100.0	2019-11-19
CM365			11-19-19_R2_N005_A	11-19-19:R2:N005:A	2019-11-19	R2	2019-11-19_R2_N005	A	25000.0	2019-11-19	49000.0	2019-11-19	100.0	2019-11-19	100.0	2019-11-19
CM366			11-19-19_R2_N005_B	11-19-19:R2:N005:B	2019-11-19	R2	2019-11-19_R2_N005	B	25000.0	2019-11-19	49000.0	2019-11-19	100.0	2019-11-19	100.0	2019-11-19
CM367			11-19-19_R2_N005_C	11-19-19:R2:N005:C	2019-11-19	R2	2019-11-19_R2_N005	C	25000.0	2019-11-19	49000.0	2019-11-19	100.0	2019-11-19	100.0	2019-11-19
CM368			11-19-19_R2_N005_D	11-19-19:R2:N005:D	2019-11-19	R2	2019-11-19_R2_N005	D	25000.0	2019-11-19	49000.0	2019-11-19	100.0	2019-11-19	100.0	2019-11-19
CM369			11-19-19_R2_N006_A	11-19-19:R2:N006:A	2019-11-19	R2	2019-11-19_R2_N006	A	25000.0	2019-11-19	49000.0	2019-11-19	100.0	2019-11-19	100.0	2019-11-19
CM370			11-19-19_R2_N006_B	11-19-19:R2:N006:B	2019-11-19	R2	2019-11-19_R2_N006	B	25000.0	2019-11-19	49000.0	2019-11-19	100.0	2019-11-19	100.0	2019-11-19
CM371			11-19-19_R2_N006_C	11-19-19:R2:N006:C	2019-11-19	R2	2019-11-19_R2_N006	C	25000.0	2019-11-19	49000.0	2019-11-19	100.0	2019-11-19	100.0	2019-11-19
CM372			11-19-19_R2_N006_D	11-19-19:R2:N006:D	2019-11-19	R2	2019-11-19_R2_N006	D	25000.0	2019-11-19	49000.0	2019-11-19	100.0	2019-11-19	100.0	2019-11-19
CM373			11-19-19_R3_N001_A	11-19-19:R3:N001:A	2019-11-19	R3	2019-11-19_R3_N001	A	25000.0	2019-11-19	49000.0	2019-11-19	100.0	2019-11-19	100.0	2019-11-19
CM374			11-19-19_R3_N001_B	11-19-19:R3:N001:B	2019-11-19	R3	2019-11-19_R3_N001	B	25000.0	2019-11-19	49000.0	2019-11-19	100.0	2019-11-19	100.0	2019-11-19
CM375			11-19-19_R3_N001_C	11-19-19:R3:N001:C	2019-11-19	R3	2019-11-19_R3_N001	C	25000.0	2019-11-19	49000.0	2019-11-19	100.0	2019-11-19	100.0	2019-11-19
CM376			11-19-19_R3_N001_D	11-19-19:R3:N001:D	2019-11-19	R3	2019-11-19_R3_N001	D	25000.0	2019-11-19	49000.0	2019-11-19	100.0	2019-11-19	100.0	2019-11-19
CM377			11-19-19_R3_N002_A	11-19-19:R3:N002:A	2019-11-19	R3	2019-11-19_R3_N002	A	25000.0	2019-11-19	49000.0	2019-11-19	100.0	2019-11-19	100.0	2019-11-19
CM378			11-19-19_R3_N002_B	11-19-19:R3:N002:B	2019-11-19	R3	2019-11-19_R3_N002	B	25000.0	2019-11-19	49000.0	2019-11-19	100.0	2019-11-19	100.0	2019-11-19
CM379			11-19-19_R3_N002_C	11-19-19:R3:N002:C	2019-11-19	R3	2019-11-19_R3_N002	C	25000.0	2019-11-19	49000.0	2019-11-19	100.0	2019-11-19	100.0	2019-11-19
CM380			11-19-19_R3_N002_D	11-19-19:R3:N002:D	2019-11-19	R3	2019-11-19_R3_N002	D	25000.0	2019-11-19	49000.0	2019-11-19	100.0	2019-11-19	100.0	2019-11-19
CM381			11-19-19_R3_N003_A	11-19-19:R3:N003:A	2019-11-19	R3	2019-11-19_R3_N003	A	25000.0	2019-11-19	49000.0	2019-11-19	100.0	2019-11-19	100.0	2019-11-19
CM382			11-19-19_R3_N003_B	11-19-19:R3:N003:B	2019-11-19	R3	2019-11-19_R3_N003	B	25000.0	2019-11-19	49000.0	2019-11-19	100.0	2019-11-19	100.0	2019-11-19
CM383			11-19-19_R3_N003_C	11-19-19:R3:N003:C	2019-11-19	R3	2019-11-19_R3_N003	C	25000.0	2019-11-19	49000.0	2019-11-19	100.0	2019-11-19	100.0	2019-11-19
CM384			11-19-19_R3_N003_D	11-19-19:R3:N003:D	2019-11-19	R3	2019-11-19_R3_N003	D	25000.0	2019-11-19	49000.0	2019-11-19	100.0	2019-11-19	100.0	2019-11-19
CM385			11-19-19_R3_N004_A	11-19-19:R3:N004:A	2019-11-19	R3	2019-11-19_R3_N004	A	25000.0	2019-11-19	49000.0	2019-11-19	100.0	2019-11-19	100.0	2019-11-19
CM386			11-19-19_R3_N004_B	11-19-19:R3:N004:B	2019-11-19	R3	2019-11-19_R3_N004	B	25000.0	2019-11-19	49000.0	2019-11-19	100.0	2019-11-19	100.0	2019-11-19
CM387			11-19-19_R3_N004_C	11-19-19:R3:N004:C	2019-11-19	R3	2019-11-19_R3_N004	C	25000.0	2019-11-19	49000.0	2019-11-19	100.0	2019-11-19	100.0	2019-11-19
CM388			11-19-19_R3_N004_D	11-19-19:R3:N004:D	2019-11-19	R3	2019-11-19_R3_N004	D	25000.0	2019-11-19	49000.0	2019-11-19	100.0	2019-11-19	100.0	2019-11-19
CM389			11-19-19_R3_N005_A	11-19-19:R3:N005:A	2019-11-19	R3	2019-11-19_R3_N005	A	25000.0	2019-11-19	49000.0	2019-11-19	100.0	2019-11-19	100.0	2019-11-19
CM390			11-19-19_R3_N005_B	11-19-19:R3:N005:B	2019-11-19	R3	2019-11-19_R3_N005	B	25000.0	2019-11-19	49000.0	2019-11-19	100.0	2019-11-19	100.0	2019-11-19
CM391			11-19-19_R3_N005_C	11-19-19:R3:N005:C	2019-11-19	R3	2019-11-19_R3_N005	C	25000.0	2019-11-19	49000.0	2019-11-19	100.0	2019-11-19	100.0	2019-11-19
CM392			11-19-19_R3_N005_D	11-19-19:R3:N005:D	2019-11-19	R3	2019-11-19_R3_N005	D	25000.0	2019-11-19	49000.0	2019-11-19	100.0	2019-11-19	100.0	2019-11-19
CM393			11-19-19_R3_N006_A	11-19-19:R3:N006:A	2019-11-19	R3	2019-11-19_R3_N006	A	25000.0	2019-11-19	49000.0	2019-11-19	100.0	2019-11-19	100.0	2019-11-19
CM394			11-19-19_R3_N006_B	11-19-19:R3:N006:B	2019-11-19	R3	2019-11-19_R3_N006	B	25000.0	2019-11-19	49000.0	2019-11-19	100.0	2019-11-19	100.0	2019-11-19
CM395			11-19-19_R3_N006_C	11-19-19:R3:N006:C	2019-11-19	R3	2019-11-19_R3_N006	C	25000.0	2019-11-19	49000.0	2019-11-19	100.0	2019-11-19	100.0	2019-11-19
CM396			11-19-19_R3_N006_D	11-19-19:R3:N006:D	2019-11-19	R3	2019-11-19_R3_N006	D	25000.0	2019-11-19	49000.0	2019-11-19	100.0	2019-11-19	100.0	2019-11-19
CM397			11-27-19_R1_N004_C	11-27-18:R1:N004:C	2019-11-27	R1	2019-11-27_R1_N004	C	17000.0	2019-11-26	23000.0	2019-11-26	320.0	2019-11-26	2500.0	2019-11-26
CM398			11-27-19_R1_N001_B	11-27-19:R1:N001:B	2019-11-27	R1	2019-11-27_R1_N001	B	17000.0	2019-11-26	23000.0	2019-11-26	320.0	2019-11-26	2500.0	2019-11-26
CM399			11-27-19_R1_N002_A	11-27-19:R1:N002:A	2019-11-27	R1	2019-11-27_R1_N002	A	17000.0	2019-11-26	23000.0	2019-11-26	320.0	2019-11-26	2500.0	2019-11-26
CM400			11-27-19_R1_N002_B	11-27-19:R1:N002:B	2019-11-27	R1	2019-11-27_R1_N002	B	17000.0	2019-11-26	23000.0	2019-11-26	320.0	2019-11-26	2500.0	2019-11-26
CM401			11-27-19_R1_N002_C	11-27-19:R1:N002:C	2019-11-27	R1	2019-11-27_R1_N002	C	17000.0	2019-11-26	23000.0	2019-11-26	320.0	2019-11-26	2500.0	2019-11-26
CM402			11-27-19_R1_N002_D	11-27-19:R1:N002:D	2019-11-27	R1	2019-11-27_R1_N002	D	17000.0	2019-11-26	23000.0	2019-11-26	320.0	2019-11-26	2500.0	2019-11-26
CM403			11-27-19_R1_N003_A	11-27-19:R1:N003:A	2019-11-27	R1	2019-11-27_R1_N003	A	17000.0	2019-11-26	23000.0	2019-11-26	320.0	2019-11-26	2500.0	2019-11-26
CM404			11-27-19_R1_N003_A	11-27-19:R1:N003:A	2019-11-27	R1	2019-11-27_R1_N003	A	17000.0	2019-11-26	23000.0	2019-11-26	320.0	2019-11-26	2500.0	2019-11-26
CM405			11-27-19_R1_N003_B	11-27-19:R1:N003:B	2019-11-27	R1	2019-11-27_R1_N003	B	17000.0	2019-11-26	23000.0	2019-11-26	320.0	2019-11-26	2500.0	2019-11-26
CM406			11-27-19_R1_N003_C	11-27-19:R1:N003:C	2019-11-27	R1	2019-11-27_R1_N003	C	17000.0	2019-11-26	23000.0	2019-11-26	320.0	2019-11-26	2500.0	2019-11-26
CM407			11-27-19_R1_N003_D	11-27-19:R1:N003:D	2019-11-27	R1	2019-11-27_R1_N003	D	17000.0	2019-11-26	23000.0	2019-11-26	320.0	2019-11-26	2500.0	2019-11-26
CM408			11-27-19_R1_N004_A	11-27-19:R1:N004:A	2019-11-27	R1	2019-11-27_R1_N004	A	17000.0	2019-11-26	23000.0	2019-11-26	320.0	2019-11-26	2500.0	2019-11-26
CM409			11-27-19_R1_N004_B	11-27-19:R1:N004:B	2019-11-27	R1	2019-11-27_R1_N004	B	17000.0	2019-11-26	23000.0	2019-11-26	320.0	2019-11-26	2500.0	2019-11-26
CM410			11-27-19_R1_N004_D	11-27-19:R1:N004:D	2019-11-27	R1	2019-11-27_R1_N004	D	17000.0	2019-11-26	23000.0	2019-11-26	320.0	2019-11-26	2500.0	2019-11-26
CM411			11-27-19_R1_N005_B	11-27-19:R1:N005:B	2019-11-27	R1	2019-11-27_R1_N005	B	17000.0	2019-11-26	23000.0	2019-11-26	320.0	2019-11-26	2500.0	2019-11-26
CM412			11-27-19_R1_N006_A	11-27-19:R1:N006:A	2019-11-27	R1	2019-11-27_R1_N006	A	17000.0	2019-11-26	23000.0	2019-11-26	320.0	2019-11-26	2500.0	2019-11-26
CM413			11-27-19_R1_N006_B	11-27-19:R1:N006:B	2019-11-27	R1	2019-11-27_R1_N006	B	17000.0	2019-11-26	23000.0	2019-11-26	320.0	2019-11-26	2500.0	2019-11-26
CM414			11-27-19_R2_N001_A	11-27-19:R2:N001:A	2019-11-27	R2	2019-11-27_R2_N001	A	17000.0	2019-11-26	23000.0	2019-11-26	320.0	2019-11-26	2500.0	2019-11-26
CM415			11-27-19_R2_N001_B	11-27-19:R2:N001:B	2019-11-27	R2	2019-11-27_R2_N001	B	17000.0	2019-11-26	23000.0	2019-11-26	320.0	2019-11-26	2500.0	2019-11-26
CM416			11-27-19_R2_N002_A	11-27-19:R2:N002:A	2019-11-27	R2	2019-11-27_R2_N002	A	17000.0	2019-11-26	23000.0	2019-11-26	320.0	2019-11-26	2500.0	2019-11-26
CM417			11-27-19_R2_N002_B	11-27-19:R2:N002:B	2019-11-27	R2	2019-11-27_R2_N002	B	17000.0	2019-11-26	23000.0	2019-11-26	320.0	2019-11-26	2500.0	2019-11-26
CM418			11-27-19_R2_N003_A	11-27-19:R2:N003:A	2019-11-27	R2	2019-11-27_R2_N003	A	17000.0	2019-11-26	23000.0	2019-11-26	320.0	2019-11-26	2500.0	2019-11-26
CM419			11-27-19_R2_N003_B	11-27-19:R2:N003:B	2019-11-27	R2	2019-11-27_R2_N003	B	17000.0	2019-11-26	23000.0	2019-11-26	320.0	2019-11-26	2500.0	2019-11-26
CM420			11-27-19_R2_N004_A	11-27-19:R2:N004:A	2019-11-27	R2	2019-11-27_R2_N004	A	17000.0	2019-11-26	23000.0	2019-11-26	320.0	2019-11-26	2500.0	2019-11-26
CM421			11-27-19_R2_N004_B	11-27-19:R2:N004:B	2019-11-27	R2	2019-11-27_R2_N004	B	17000.0	2019-11-26	23000.0	2019-11-26	320.0	2019-11-26	2500.0	2019-11-26
CM422			11-27-19_R2_N004_C	11-27-19:R2:N004:C	2019-11-27	R2	2019-11-27_R2_N004	C	17000.0	2019-11-26	23000.0	2019-11-26	320.0	2019-11-26	2500.0	2019-11-26
CM423			11-27-19_R2_N004_D	11-27-19:R2:N004:D	2019-11-27	R2	2019-11-27_R2_N004	D	17000.0	2019-11-26	23000.0	2019-11-26	320.0	2019-11-26	2500.0	2019-11-26
CM424			11-27-19_R2_N005_A	11-27-19:R2:N005:A	2019-11-27	R2	2019-11-27_R2_N005	A	17000.0	2019-11-26	23000.0	2019-11-26	320.0	2019-11-26	2500.0	2019-11-26
CM425			11-27-19_R2_N005_B	11-27-19:R2:N005:B	2019-11-27	R2	2019-11-27_R2_N005	B	17000.0	2019-11-26	23000.0	2019-11-26	320.0	2019-11-26	2500.0	2019-11-26
CM426			11-27-19_R2_N005_C	11-27-19:R2:N005:C	2019-11-27	R2	2019-11-27_R2_N005	C	17000.0	2019-11-26	23000.0	2019-11-26	320.0	2019-11-26	2500.0	2019-11-26
CM427			11-27-19_R2_N005_D	11-27-19:R2:N005:D	2019-11-27	R2	2019-11-27_R2_N005	D	17000.0	2019-11-26	23000.0	2019-11-26	320.0	2019-11-26	2500.0	2019-11-26
CM428			11-27-19_R2_N006_A	11-27-19:R2:N006:A	2019-11-27	R2	2019-11-27_R2_N006	A	17000.0	2019-11-26	23000.0	2019-11-26	320.0	2019-11-26	2500.0	2019-11-26
CM429			11-27-19_R2_N006_B	11-27-19:R2:N006:B	2019-11-27	R2	2019-11-27_R2_N006	B	17000.0	2019-11-26	23000.0	2019-11-26	320.0	2019-11-26	2500.0	2019-11-26
CM430			11-27-19_R2_N006_C	11-27-19:R2:N006:C	2019-11-27	R2	2019-11-27_R2_N006	C	17000.0	2019-11-26	23000.0	2019-11-26	320.0	2019-11-26	2500.0	2019-11-26
CM431			11-27-19_R2_N006_D	11-27-19:R2:N006:D	2019-11-27	R2	2019-11-27_R2_N006	D	17000.0	2019-11-26	23000.0	2019-11-26	320.0	2019-11-26	2500.0	2019-11-26
CM432			11-27-19_R3_N001_A	11-27-19:R3:N001:A	2019-11-27	R3	2019-11-27_R3_N001	A	17000.0	2019-11-26	23000.0	2019-11-26	320.0	2019-11-26	2500.0	2019-11-26
CM433			11-27-19_R3_N001_B	11-27-19:R3:N001:B	2019-11-27	R3	2019-11-27_R3_N001	B	17000.0	2019-11-26	23000.0	2019-11-26	320.0	2019-11-26	2500.0	2019-11-26
CM434			11-27-19_R3_N001_C	11-27-19:R3:N001:C	2019-11-27	R3	2019-11-27_R3_N001	C	17000.0	2019-11-26	23000.0	2019-11-26	320.0	2019-11-26	2500.0	2019-11-26
CM435			11-27-19_R3_N001_D	11-27-19:R3:N001:D	2019-11-27	R3	2019-11-27_R3_N001	D	17000.0	2019-11-26	23000.0	2019-11-26	320.0	2019-11-26	2500.0	2019-11-26
CM436			11-27-19_R3_N002_A	11-27-19:R3:N002:A	2019-11-27	R3	2019-11-27_R3_N002	A	17000.0	2019-11-26	23000.0	2019-11-26	320.0	2019-11-26	2500.0	2019-11-26
CM437			11-27-19_R3_N002_B	11-27-19:R3:N002:B	2019-11-27	R3	2019-11-27_R3_N002	B	17000.0	2019-11-26	23000.0	2019-11-26	320.0	2019-11-26	2500.0	2019-11-26
CM438			11-27-19_R3_N002_C	11-27-19:R3:N002:C	2019-11-27	R3	2019-11-27_R3_N002	C	17000.0	2019-11-26	23000.0	2019-11-26	320.0	2019-11-26	2500.0	2019-11-26
CM439			11-27-19_R3_N002_D	11-27-19:R3:N002:D	2019-11-27	R3	2019-11-27_R3_N002	D	17000.0	2019-11-26	23000.0	2019-11-26	320.0	2019-11-26	2500.0	2019-11-26
CM440			11-27-19_R3_N003_B	11-27-19:R3:N003:B	2019-11-27	R3	2019-11-27_R3_N003	B	17000.0	2019-11-26	23000.0	2019-11-26	320.0	2019-11-26	2500.0	2019-11-26
CM441			11-27-19_R3_N003_D	11-27-19:R3:N003:D	2019-11-27	R3	2019-11-27_R3_N003	D	17000.0	2019-11-26	23000.0	2019-11-26	320.0	2019-11-26	2500.0	2019-11-26
CM442			11-27-19_R3_N004_A	11-27-19:R3:N004:A	2019-11-27	R3	2019-11-27_R3_N004	A	17000.0	2019-11-26	23000.0	2019-11-26	320.0	2019-11-26	2500.0	2019-11-26
CM443			11-27-19_R3_N004_B	11-27-19:R3:N004:B	2019-11-27	R3	2019-11-27_R3_N004	B	17000.0	2019-11-26	23000.0	2019-11-26	320.0	2019-11-26	2500.0	2019-11-26
CM444			11-27-19_R3_N004_C	11-27-19:R3:N004:C	2019-11-27	R3	2019-11-27_R3_N004	C	17000.0	2019-11-26	23000.0	2019-11-26	320.0	2019-11-26	2500.0	2019-11-26
CM445			11-27-19_R3_N004_D	11-27-19:R3:N004:D	2019-11-27	R3	2019-11-27_R3_N004	D	17000.0	2019-11-26	23000.0	2019-11-26	320.0	2019-11-26	2500.0	2019-11-26
CM446			11-27-19_R3_N005_A	11-27-19:R3:N005:A	2019-11-27	R3	2019-11-27_R3_N005	A	17000.0	2019-11-26	23000.0	2019-11-26	320.0	2019-11-26	2500.0	2019-11-26
CM447			11-27-19_R3_N005_B	11-27-19:R3:N005:B	2019-11-27	R3	2019-11-27_R3_N005	B	17000.0	2019-11-26	23000.0	2019-11-26	320.0	2019-11-26	2500.0	2019-11-26
CM448			11-27-19_R3_N005_C	11-27-19:R3:N005:C	2019-11-27	R3	2019-11-27_R3_N005	C	17000.0	2019-11-26	23000.0	2019-11-26	320.0	2019-11-26	2500.0	2019-11-26
CM449			11-27-19_R3_N005_D	11-27-19:R3:N005:D	2019-11-27	R3	2019-11-27_R3_N005	D	17000.0	2019-11-26	23000.0	2019-11-26	320.0	2019-11-26	2500.0	2019-11-26
CM450			11-27-19_R3_N006_A	11-27-19:R3:N006:A	2019-11-27	R3	2019-11-27_R3_N006	A	17000.0	2019-11-26	23000.0	2019-11-26	320.0	2019-11-26	2500.0	2019-11-26
CM451			11-27-19_R3_N006_B	11-27-19:R3:N006:B	2019-11-27	R3	2019-11-27_R3_N006	B	17000.0	2019-11-26	23000.0	2019-11-26	320.0	2019-11-26	2500.0	2019-11-26
CM452			11-27-19_R3_N006_C	11-27-19:R3:N006:C	2019-11-27	R3	2019-11-27_R3_N006	C	17000.0	2019-11-26	23000.0	2019-11-26	320.0	2019-11-26	2500.0	2019-11-26
CM453			11-27-19_R3_N006_D	11-27-19:R3:N006:D	2019-11-27	R3	2019-11-27_R3_N006	D	17000.0	2019-11-26	23000.0	2019-11-26	320.0	2019-11-26	2500.0	2019-11-26
CM454			11-27-19_R3_N003_C	11-27-29:R3:N003:C	2019-11-27	R3	2019-11-27_R3_N003	C	17000.0	2019-11-26	23000.0	2019-11-26	320.0	2019-11-26	2500.0	2019-11-26
CM455			12-03-19_R1_N001_A	12-03-19:R1:N001:A	2019-12-03	R1	2019-12-03_R1_N001	A	18000.0	2019-12-03	27000.0	2019-12-03	200.0	2019-12-03	1800.0	2019-12-03
CM456			12-03-19_R1_N001_B	12-03-19:R1:N001:B	2019-12-03	R1	2019-12-03_R1_N001	B	18000.0	2019-12-03	27000.0	2019-12-03	200.0	2019-12-03	1800.0	2019-12-03
CM457			12-03-19_R1_N001_C	12-03-19:R1:N001:C	2019-12-03	R1	2019-12-03_R1_N001	C	18000.0	2019-12-03	27000.0	2019-12-03	200.0	2019-12-03	1800.0	2019-12-03
CM458			12-03-19_R1_N001_D	12-03-19:R1:N001:D	2019-12-03	R1	2019-12-03_R1_N001	D	18000.0	2019-12-03	27000.0	2019-12-03	200.0	2019-12-03	1800.0	2019-12-03
CM459			12-03-19_R1_N002_A	12-03-19:R1:N002:A	2019-12-03	R1	2019-12-03_R1_N002	A	18000.0	2019-12-03	27000.0	2019-12-03	200.0	2019-12-03	1800.0	2019-12-03
CM460			12-03-19_R1_N002_B	12-03-19:R1:N002:B	2019-12-03	R1	2019-12-03_R1_N002	B	18000.0	2019-12-03	27000.0	2019-12-03	200.0	2019-12-03	1800.0	2019-12-03
CM461			12-03-19_R1_N002_C	12-03-19:R1:N002:C	2019-12-03	R1	2019-12-03_R1_N002	C	18000.0	2019-12-03	27000.0	2019-12-03	200.0	2019-12-03	1800.0	2019-12-03
CM462			12-03-19_R1_N002_D	12-03-19:R1:N002:D	2019-12-03	R1	2019-12-03_R1_N002	D	18000.0	2019-12-03	27000.0	2019-12-03	200.0	2019-12-03	1800.0	2019-12-03
CM463			12-03-19_R1_N003_A	12-03-19:R1:N003:A	2019-12-03	R1	2019-12-03_R1_N003	A	18000.0	2019-12-03	27000.0	2019-12-03	200.0	2019-12-03	1800.0	2019-12-03
CM464			12-03-19_R1_N003_B	12-03-19:R1:N003:B	2019-12-03	R1	2019-12-03_R1_N003	B	18000.0	2019-12-03	27000.0	2019-12-03	200.0	2019-12-03	1800.0	2019-12-03
CM465			12-03-19_R1_N003_C	12-03-19:R1:N003:C	2019-12-03	R1	2019-12-03_R1_N003	C	18000.0	2019-12-03	27000.0	2019-12-03	200.0	2019-12-03	1800.0	2019-12-03
CM466			12-03-19_R1_N003_D	12-03-19:R1:N003:D	2019-12-03	R1	2019-12-03_R1_N003	D	18000.0	2019-12-03	27000.0	2019-12-03	200.0	2019-12-03	1800.0	2019-12-03
CM467			12-03-19_R1_N004_A	12-03-19:R1:N004:A	2019-12-03	R1	2019-12-03_R1_N004	A	18000.0	2019-12-03	27000.0	2019-12-03	200.0	2019-12-03	1800.0	2019-12-03
CM468			12-03-19_R1_N004_B	12-03-19:R1:N004:B	2019-12-03	R1	2019-12-03_R1_N004	B	18000.0	2019-12-03	27000.0	2019-12-03	200.0	2019-12-03	1800.0	2019-12-03
CM469			12-03-19_R1_N004_C	12-03-19:R1:N004:C	2019-12-03	R1	2019-12-03_R1_N004	C	18000.0	2019-12-03	27000.0	2019-12-03	200.0	2019-12-03	1800.0	2019-12-03
CM470			12-03-19_R1_N004_D	12-03-19:R1:N004:D	2019-12-03	R1	2019-12-03_R1_N004	D	18000.0	2019-12-03	27000.0	2019-12-03	200.0	2019-12-03	1800.0	2019-12-03
CM471			12-03-19_R1_N005_A	12-03-19:R1:N005:A	2019-12-03	R1	2019-12-03_R1_N005	A	18000.0	2019-12-03	27000.0	2019-12-03	200.0	2019-12-03	1800.0	2019-12-03
CM472			12-03-19_R1_N005_C	12-03-19:R1:N005:C	2019-12-03	R1	2019-12-03_R1_N005	C	18000.0	2019-12-03	27000.0	2019-12-03	200.0	2019-12-03	1800.0	2019-12-03
CM473			12-03-19_R1_N006_A	12-03-19:R1:N006:A	2019-12-03	R1	2019-12-03_R1_N006	A	18000.0	2019-12-03	27000.0	2019-12-03	200.0	2019-12-03	1800.0	2019-12-03
CM474			12-03-19_R1_N006_B	12-03-19:R1:N006:B	2019-12-03	R1	2019-12-03_R1_N006	B	18000.0	2019-12-03	27000.0	2019-12-03	200.0	2019-12-03	1800.0	2019-12-03
CM475			12-03-19_R1_N006_C	12-03-19:R1:N006:C	2019-12-03	R1	2019-12-03_R1_N006	C	18000.0	2019-12-03	27000.0	2019-12-03	200.0	2019-12-03	1800.0	2019-12-03
CM476			12-03-19_R1_N006_D	12-03-19:R1:N006:D	2019-12-03	R1	2019-12-03_R1_N006	D	18000.0	2019-12-03	27000.0	2019-12-03	200.0	2019-12-03	1800.0	2019-12-03
CM477			12-03-19_R2_N001_A	12-03-19:R2:N001:A	2019-12-03	R2	2019-12-03_R2_N001	A	18000.0	2019-12-03	27000.0	2019-12-03	200.0	2019-12-03	1800.0	2019-12-03
CM478			12-03-19_R2_N001_B	12-03-19:R2:N001:B	2019-12-03	R2	2019-12-03_R2_N001	B	18000.0	2019-12-03	27000.0	2019-12-03	200.0	2019-12-03	1800.0	2019-12-03
CM479			12-03-19_R2_N001_C	12-03-19:R2:N001:C	2019-12-03	R2	2019-12-03_R2_N001	C	18000.0	2019-12-03	27000.0	2019-12-03	200.0	2019-12-03	1800.0	2019-12-03
CM480			12-03-19_R2_N001_D	12-03-19:R2:N001:D	2019-12-03	R2	2019-12-03_R2_N001	D	18000.0	2019-12-03	27000.0	2019-12-03	200.0	2019-12-03	1800.0	2019-12-03
CM481			12-03-19_R2_N002_A	12-03-19:R2:N002:A	2019-12-03	R2	2019-12-03_R2_N002	A	18000.0	2019-12-03	27000.0	2019-12-03	200.0	2019-12-03	1800.0	2019-12-03
CM482			12-03-19_R2_N002_B	12-03-19:R2:N002:B	2019-12-03	R2	2019-12-03_R2_N002	B	18000.0	2019-12-03	27000.0	2019-12-03	200.0	2019-12-03	1800.0	2019-12-03
CM483			12-03-19_R2_N002_C	12-03-19:R2:N002:C	2019-12-03	R2	2019-12-03_R2_N002	C	18000.0	2019-12-03	27000.0	2019-12-03	200.0	2019-12-03	1800.0	2019-12-03
CM484			12-03-19_R2_N002_D	12-03-19:R2:N002:D	2019-12-03	R2	2019-12-03_R2_N002	D	18000.0	2019-12-03	27000.0	2019-12-03	200.0	2019-12-03	1800.0	2019-12-03
CM485			12-03-19_R2_N003_A	12-03-19:R2:N003:A	2019-12-03	R2	2019-12-03_R2_N003	A	18000.0	2019-12-03	27000.0	2019-12-03	200.0	2019-12-03	1800.0	2019-12-03
CM486			12-03-19_R2_N003_B	12-03-19:R2:N003:B	2019-12-03	R2	2019-12-03_R2_N003	B	18000.0	2019-12-03	27000.0	2019-12-03	200.0	2019-12-03	1800.0	2019-12-03
CM487			12-03-19_R2_N003_C	12-03-19:R2:N003:C	2019-12-03	R2	2019-12-03_R2_N003	C	18000.0	2019-12-03	27000.0	2019-12-03	200.0	2019-12-03	1800.0	2019-12-03
CM488			12-03-19_R2_N003_D	12-03-19:R2:N003:D	2019-12-03	R2	2019-12-03_R2_N003	D	18000.0	2019-12-03	27000.0	2019-12-03	200.0	2019-12-03	1800.0	2019-12-03
CM489			12-03-19_R2_N004_A	12-03-19:R2:N004:A	2019-12-03	R2	2019-12-03_R2_N004	A	18000.0	2019-12-03	27000.0	2019-12-03	200.0	2019-12-03	1800.0	2019-12-03
CM490			12-03-19_R2_N004_B	12-03-19:R2:N004:B	2019-12-03	R2	2019-12-03_R2_N004	B	18000.0	2019-12-03	27000.0	2019-12-03	200.0	2019-12-03	1800.0	2019-12-03
CM491			12-03-19_R2_N004_C	12-03-19:R2:N004:C	2019-12-03	R2	2019-12-03_R2_N004	C	18000.0	2019-12-03	27000.0	2019-12-03	200.0	2019-12-03	1800.0	2019-12-03
CM492			12-03-19_R2_N004_D	12-03-19:R2:N004:D	2019-12-03	R2	2019-12-03_R2_N004	D	18000.0	2019-12-03	27000.0	2019-12-03	200.0	2019-12-03	1800.0	2019-12-03
CM493			12-03-19_R2_N005_A	12-03-19:R2:N005:A	2019-12-03	R2	2019-12-03_R2_N005	A	18000.0	2019-12-03	27000.0	2019-12-03	200.0	2019-12-03	1800.0	2019-12-03
CM494			12-03-19_R2_N005_B	12-03-19:R2:N005:B	2019-12-03	R2	2019-12-03_R2_N005	B	18000.0	2019-12-03	27000.0	2019-12-03	200.0	2019-12-03	1800.0	2019-12-03
CM495			12-03-19_R2_N005_C	12-03-19:R2:N005:C	2019-12-03	R2	2019-12-03_R2_N005	C	18000.0	2019-12-03	27000.0	2019-12-03	200.0	2019-12-03	1800.0	2019-12-03
CM496			12-03-19_R2_N005_D	12-03-19:R2:N005:D	2019-12-03	R2	2019-12-03_R2_N005	D	18000.0	2019-12-03	27000.0	2019-12-03	200.0	2019-12-03	1800.0	2019-12-03
CM497			12-03-19_R2_N006_A	12-03-19:R2:N006:A	2019-12-03	R2	2019-12-03_R2_N006	A	18000.0	2019-12-03	27000.0	2019-12-03	200.0	2019-12-03	1800.0	2019-12-03
CM498			12-03-19_R2_N006_B	12-03-19:R2:N006:B	2019-12-03	R2	2019-12-03_R2_N006	B	18000.0	2019-12-03	27000.0	2019-12-03	200.0	2019-12-03	1800.0	2019-12-03
CM499			12-03-19_R2_N006_C	12-03-19:R2:N006:C	2019-12-03	R2	2019-12-03_R2_N006	C	18000.0	2019-12-03	27000.0	2019-12-03	200.0	2019-12-03	1800.0	2019-12-03
CM500			12-03-19_R2_N006_D	12-03-19:R2:N006:D	2019-12-03	R2	2019-12-03_R2_N006	D	18000.0	2019-12-03	27000.0	2019-12-03	200.0	2019-12-03	1800.0	2019-12-03
CM501			12-03-19_R3_N001_A	12-03-19:R3:N001:A	2019-12-03	R3	2019-12-03_R3_N001	A	18000.0	2019-12-03	27000.0	2019-12-03	200.0	2019-12-03	1800.0	2019-12-03
CM502			12-03-19_R3_N001_B	12-03-19:R3:N001:B	2019-12-03	R3	2019-12-03_R3_N001	B	18000.0	2019-12-03	27000.0	2019-12-03	200.0	2019-12-03	1800.0	2019-12-03
CM503			12-03-19_R3_N001_C	12-03-19:R3:N001:C	2019-12-03	R3	2019-12-03_R3_N001	C	18000.0	2019-12-03	27000.0	2019-12-03	200.0	2019-12-03	1800.0	2019-12-03
CM504			12-03-19_R3_N001_D	12-03-19:R3:N001:D	2019-12-03	R3	2019-12-03_R3_N001	D	18000.0	2019-12-03	27000.0	2019-12-03	200.0	2019-12-03	1800.0	2019-12-03
CM505			12-03-19_R3_N002_A	12-03-19:R3:N002:A	2019-12-03	R3	2019-12-03_R3_N002	A	18000.0	2019-12-03	27000.0	2019-12-03	200.0	2019-12-03	1800.0	2019-12-03
CM506			12-03-19_R3_N002_B	12-03-19:R3:N002:B	2019-12-03	R3	2019-12-03_R3_N002	B	18000.0	2019-12-03	27000.0	2019-12-03	200.0	2019-12-03	1800.0	2019-12-03
CM507			12-03-19_R3_N002_C	12-03-19:R3:N002:C	2019-12-03	R3	2019-12-03_R3_N002	C	18000.0	2019-12-03	27000.0	2019-12-03	200.0	2019-12-03	1800.0	2019-12-03
CM508			12-03-19_R3_N002_D	12-03-19:R3:N002:D	2019-12-03	R3	2019-12-03_R3_N002	D	18000.0	2019-12-03	27000.0	2019-12-03	200.0	2019-12-03	1800.0	2019-12-03
CM509			12-03-19_R3_N003_A	12-03-19:R3:N003:A	2019-12-03	R3	2019-12-03_R3_N003	A	18000.0	2019-12-03	27000.0	2019-12-03	200.0	2019-12-03	1800.0	2019-12-03
CM510			12-03-19_R3_N003_A	12-03-19:R3:N003:A	2019-12-03	R3	2019-12-03_R3_N003	A	18000.0	2019-12-03	27000.0	2019-12-03	200.0	2019-12-03	1800.0	2019-12-03
CM511			12-03-19_R3_N003_B	12-03-19:R3:N003:B	2019-12-03	R3	2019-12-03_R3_N003	B	18000.0	2019-12-03	27000.0	2019-12-03	200.0	2019-12-03	1800.0	2019-12-03
CM512			12-03-19_R3_N003_C	12-03-19:R3:N003:C	2019-12-03	R3	2019-12-03_R3_N003	C	18000.0	2019-12-03	27000.0	2019-12-03	200.0	2019-12-03	1800.0	2019-12-03
CM513			12-03-19_R3_N003_D	12-03-19:R3:N003:D	2019-12-03	R3	2019-12-03_R3_N003	D	18000.0	2019-12-03	27000.0	2019-12-03	200.0	2019-12-03	1800.0	2019-12-03
CM514			12-03-19_R3_N004_A	12-03-19:R3:N004:A	2019-12-03	R3	2019-12-03_R3_N004	A	18000.0	2019-12-03	27000.0	2019-12-03	200.0	2019-12-03	1800.0	2019-12-03
CM515			12-03-19_R3_N004_B	12-03-19:R3:N004:B	2019-12-03	R3	2019-12-03_R3_N004	B	18000.0	2019-12-03	27000.0	2019-12-03	200.0	2019-12-03	1800.0	2019-12-03
CM516			12-03-19_R3_N004_C	12-03-19:R3:N004:C	2019-12-03	R3	2019-12-03_R3_N004	C	18000.0	2019-12-03	27000.0	2019-12-03	200.0	2019-12-03	1800.0	2019-12-03
CM517			12-03-19_R3_N004_D	12-03-19:R3:N004:D	2019-12-03	R3	2019-12-03_R3_N004	D	18000.0	2019-12-03	27000.0	2019-12-03	200.0	2019-12-03	1800.0	2019-12-03
CM518			12-03-19_R3_N005_A	12-03-19:R3:N005:A	2019-12-03	R3	2019-12-03_R3_N005	A	18000.0	2019-12-03	27000.0	2019-12-03	200.0	2019-12-03	1800.0	2019-12-03
CM519			12-03-19_R3_N005_B	12-03-19:R3:N005:B	2019-12-03	R3	2019-12-03_R3_N005	B	18000.0	2019-12-03	27000.0	2019-12-03	200.0	2019-12-03	1800.0	2019-12-03
CM520			12-03-19_R3_N005_C	12-03-19:R3:N005:C	2019-12-03	R3	2019-12-03_R3_N005	C	18000.0	2019-12-03	27000.0	2019-12-03	200.0	2019-12-03	1800.0	2019-12-03
CM521			12-03-19_R3_N005_D	12-03-19:R3:N005:D	2019-12-03	R3	2019-12-03_R3_N005	D	18000.0	2019-12-03	27000.0	2019-12-03	200.0	2019-12-03	1800.0	2019-12-03
CM522			12-03-19_R3_N006_A	12-03-19:R3:N006:A	2019-12-03	R3	2019-12-03_R3_N006	A	18000.0	2019-12-03	27000.0	2019-12-03	200.0	2019-12-03	1800.0	2019-12-03
CM523			12-03-19_R3_N006_B	12-03-19:R3:N006:B	2019-12-03	R3	2019-12-03_R3_N006	B	18000.0	2019-12-03	27000.0	2019-12-03	200.0	2019-12-03	1800.0	2019-12-03
CM524			12-03-19_R3_N006_C	12-03-19:R3:N006:C	2019-12-03	R3	2019-12-03_R3_N006	C	18000.0	2019-12-03	27000.0	2019-12-03	200.0	2019-12-03	1800.0	2019-12-03
CM525			12-03-19_R3_N006_D	12-03-19:R3:N006:D	2019-12-03	R3	2019-12-03_R3_N006	D	18000.0	2019-12-03	27000.0	2019-12-03	200.0	2019-12-03	1800.0	2019-12-03
CM526			12-10-19_R1_N001_A	12-10-19:R1:N001:A	2019-12-10	R1	2019-12-10_R1_N001	A	17000.0	2019-12-10	14000.0	2019-12-10	100.0	2019-12-10	7100.0	2019-12-10
CM527			12-10-19_R1_N001_B	12-10-19:R1:N001:B	2019-12-10	R1	2019-12-10_R1_N001	B	17000.0	2019-12-10	14000.0	2019-12-10	100.0	2019-12-10	7100.0	2019-12-10
CM528			12-10-19_R1_N001_C	12-10-19:R1:N001:C	2019-12-10	R1	2019-12-10_R1_N001	C	17000.0	2019-12-10	14000.0	2019-12-10	100.0	2019-12-10	7100.0	2019-12-10
CM529			12-10-19_R1_N001_D	12-10-19:R1:N001:D	2019-12-10	R1	2019-12-10_R1_N001	D	17000.0	2019-12-10	14000.0	2019-12-10	100.0	2019-12-10	7100.0	2019-12-10
CM530			12-10-19_R1_N002_A	12-10-19:R1:N002:A	2019-12-10	R1	2019-12-10_R1_N002	A	17000.0	2019-12-10	14000.0	2019-12-10	100.0	2019-12-10	7100.0	2019-12-10
CM531			12-10-19_R1_N002_B	12-10-19:R1:N002:B	2019-12-10	R1	2019-12-10_R1_N002	B	17000.0	2019-12-10	14000.0	2019-12-10	100.0	2019-12-10	7100.0	2019-12-10
CM532			12-10-19_R1_N002_C	12-10-19:R1:N002:C	2019-12-10	R1	2019-12-10_R1_N002	C	17000.0	2019-12-10	14000.0	2019-12-10	100.0	2019-12-10	7100.0	2019-12-10
CM533			12-10-19_R1_N002_D	12-10-19:R1:N002:D	2019-12-10	R1	2019-12-10_R1_N002	D	17000.0	2019-12-10	14000.0	2019-12-10	100.0	2019-12-10	7100.0	2019-12-10
CM534			12-10-19_R1_N003_A	12-10-19:R1:N003:A	2019-12-10	R1	2019-12-10_R1_N003	A	17000.0	2019-12-10	14000.0	2019-12-10	100.0	2019-12-10	7100.0	2019-12-10
CM535			12-10-19_R1_N003_B	12-10-19:R1:N003:B	2019-12-10	R1	2019-12-10_R1_N003	B	17000.0	2019-12-10	14000.0	2019-12-10	100.0	2019-12-10	7100.0	2019-12-10
CM536			12-10-19_R1_N003_C	12-10-19:R1:N003:C	2019-12-10	R1	2019-12-10_R1_N003	C	17000.0	2019-12-10	14000.0	2019-12-10	100.0	2019-12-10	7100.0	2019-12-10
CM537			12-10-19_R1_N003_D	12-10-19:R1:N003:D	2019-12-10	R1	2019-12-10_R1_N003	D	17000.0	2019-12-10	14000.0	2019-12-10	100.0	2019-12-10	7100.0	2019-12-10
CM538			12-10-19_R1_N004_A	12-10-19:R1:N004:A	2019-12-10	R1	2019-12-10_R1_N004	A	17000.0	2019-12-10	14000.0	2019-12-10	100.0	2019-12-10	7100.0	2019-12-10
CM539			12-10-19_R1_N004_B	12-10-19:R1:N004:B	2019-12-10	R1	2019-12-10_R1_N004	B	17000.0	2019-12-10	14000.0	2019-12-10	100.0	2019-12-10	7100.0	2019-12-10
CM540			12-10-19_R1_N004_C	12-10-19:R1:N004:C	2019-12-10	R1	2019-12-10_R1_N004	C	17000.0	2019-12-10	14000.0	2019-12-10	100.0	2019-12-10	7100.0	2019-12-10
CM541			12-10-19_R1_N004_D	12-10-19:R1:N004:D	2019-12-10	R1	2019-12-10_R1_N004	D	17000.0	2019-12-10	14000.0	2019-12-10	100.0	2019-12-10	7100.0	2019-12-10
CM542			12-10-19_R1_N005_A	12-10-19:R1:N005:A	2019-12-10	R1	2019-12-10_R1_N005	A	17000.0	2019-12-10	14000.0	2019-12-10	100.0	2019-12-10	7100.0	2019-12-10
CM543			12-10-19_R1_N005_B	12-10-19:R1:N005:B	2019-12-10	R1	2019-12-10_R1_N005	B	17000.0	2019-12-10	14000.0	2019-12-10	100.0	2019-12-10	7100.0	2019-12-10
CM544			12-10-19_R1_N005_C	12-10-19:R1:N005:C	2019-12-10	R1	2019-12-10_R1_N005	C	17000.0	2019-12-10	14000.0	2019-12-10	100.0	2019-12-10	7100.0	2019-12-10
CM545			12-10-19_R1_N005_D	12-10-19:R1:N005:D	2019-12-10	R1	2019-12-10_R1_N005	D	17000.0	2019-12-10	14000.0	2019-12-10	100.0	2019-12-10	7100.0	2019-12-10
CM546			12-10-19_R1_N006_A	12-10-19:R1:N006:A	2019-12-10	R1	2019-12-10_R1_N006	A	17000.0	2019-12-10	14000.0	2019-12-10	100.0	2019-12-10	7100.0	2019-12-10
CM547			12-10-19_R1_N006_B	12-10-19:R1:N006:B	2019-12-10	R1	2019-12-10_R1_N006	B	17000.0	2019-12-10	14000.0	2019-12-10	100.0	2019-12-10	7100.0	2019-12-10
CM548			12-10-19_R1_N006_C	12-10-19:R1:N006:C	2019-12-10	R1	2019-12-10_R1_N006	C	17000.0	2019-12-10	14000.0	2019-12-10	100.0	2019-12-10	7100.0	2019-12-10
CM549			12-10-19_R1_N006_D	12-10-19:R1:N006:D	2019-12-10	R1	2019-12-10_R1_N006	D	17000.0	2019-12-10	14000.0	2019-12-10	100.0	2019-12-10	7100.0	2019-12-10
CM550			12-10-19_R2_N001_A	12-10-19:R2:N001:A	2019-12-10	R2	2019-12-10_R2_N001	A	17000.0	2019-12-10	14000.0	2019-12-10	100.0	2019-12-10	7100.0	2019-12-10
CM551			12-10-19_R2_N001_B	12-10-19:R2:N001:B	2019-12-10	R2	2019-12-10_R2_N001	B	17000.0	2019-12-10	14000.0	2019-12-10	100.0	2019-12-10	7100.0	2019-12-10
CM552			12-10-19_R2_N001_C	12-10-19:R2:N001:C	2019-12-10	R2	2019-12-10_R2_N001	C	17000.0	2019-12-10	14000.0	2019-12-10	100.0	2019-12-10	7100.0	2019-12-10
CM553			12-10-19_R2_N001_D	12-10-19:R2:N001:D	2019-12-10	R2	2019-12-10_R2_N001	D	17000.0	2019-12-10	14000.0	2019-12-10	100.0	2019-12-10	7100.0	2019-12-10
CM554			12-10-19_R2_N002_A	12-10-19:R2:N002:A	2019-12-10	R2	2019-12-10_R2_N002	A	17000.0	2019-12-10	14000.0	2019-12-10	100.0	2019-12-10	7100.0	2019-12-10
CM555			12-10-19_R2_N002_B	12-10-19:R2:N002:B	2019-12-10	R2	2019-12-10_R2_N002	B	17000.0	2019-12-10	14000.0	2019-12-10	100.0	2019-12-10	7100.0	2019-12-10
CM556			12-10-19_R2_N002_C	12-10-19:R2:N002:C	2019-12-10	R2	2019-12-10_R2_N002	C	17000.0	2019-12-10	14000.0	2019-12-10	100.0	2019-12-10	7100.0	2019-12-10
CM557			12-10-19_R2_N002_D	12-10-19:R2:N002:D	2019-12-10	R2	2019-12-10_R2_N002	D	17000.0	2019-12-10	14000.0	2019-12-10	100.0	2019-12-10	7100.0	2019-12-10
CM558			12-10-19_R2_N003_A	12-10-19:R2:N003:A	2019-12-10	R2	2019-12-10_R2_N003	A	17000.0	2019-12-10	14000.0	2019-12-10	100.0	2019-12-10	7100.0	2019-12-10
CM559			12-10-19_R2_N003_C	12-10-19:R2:N003:C	2019-12-10	R2	2019-12-10_R2_N003	C	17000.0	2019-12-10	14000.0	2019-12-10	100.0	2019-12-10	7100.0	2019-12-10
